<?xml version = '1.0' encoding = 'UTF-8'?>
<Entity class="oracle.dbtools.crest.model.design.logical.Entity" directorySegmentName="seg_0" id="2628FCA0-75C5-A8D0-D1BD-1D0AEA54DF1F" name="T_MC_EDERECO_ENTREGA">
<createdBy>logonrmlocal</createdBy>
<createdTime>2022-06-07 22:53:25 UTC</createdTime>
<ownerDesignName>RM94467_RM93042</ownerDesignName>
<engineerTo>
<item key="1BC3C7CA-0ADD-D32A-DAFC-0D8226B44D9D" value="true"/>
</engineerTo>
<adequatelyNormalized>NO</adequatelyNormalized>
<expectedVolumes>0</expectedVolumes>
<fwdEngineeringStrategyName>Single Table</fwdEngineeringStrategyName>
<growthPercent>0</growthPercent>
<growthType>Year</growthType>
<maxVolumes>9999999</maxVolumes>
<minVolumes>0</minVolumes>
<normalForm>Third</normalForm>
<attributes itemClass="oracle.dbtools.crest.model.design.logical.Attribute">
<Attribute name="id_endereco" id="B3F65E35-81E7-1DCD-B8B8-F49E410AD99A">
<createdBy>logonrmlocal</createdBy>
<createdTime>2022-06-07 22:54:04 UTC</createdTime>
<comment><![CDATA[Esse atributo vai receber o ID do endereço, ele é uma chave primaria]]></comment>
<commentInRDBMS><![CDATA[Esse atributo vai receber o ID do endereço, ele é uma chave primaria]]></commentInRDBMS>
<ownerDesignName>RM94467_RM93042</ownerDesignName>
<engineerTo>
<item key="1BC3C7CA-0ADD-D32A-DAFC-0D8226B44D9D" value="true"/>
</engineerTo>
<useDomainConstraints>false</useDomainConstraints>
<use>1</use>
<logicalDatatype>LOGDT019</logicalDatatype>
<dataTypePrecision>15</dataTypePrecision>
<ownDataTypeParameters>,15,</ownDataTypeParameters>
</Attribute>
<Attribute name="nm_bairro" id="93A37C66-2410-3BE0-4D80-6F547889DE26">
<createdBy>logonrmlocal</createdBy>
<createdTime>2022-06-07 22:54:40 UTC</createdTime>
<commentInRDBMS><![CDATA[Esse atributo vai receber o nome do bairro do endereço de entrega, ele é obrigatório]]></commentInRDBMS>
<ownerDesignName>RM94467_RM93042</ownerDesignName>
<engineerTo>
<item key="1BC3C7CA-0ADD-D32A-DAFC-0D8226B44D9D" value="true"/>
</engineerTo>
<useDomainConstraints>false</useDomainConstraints>
<use>1</use>
<logicalDatatype>LOGDT024</logicalDatatype>
<dataTypeSize>30</dataTypeSize>
<ownDataTypeParameters>30,,</ownDataTypeParameters>
</Attribute>
<Attribute name="nm_ciadde" id="446E1D93-A8ED-7803-D4A0-7A51A12B8263">
<createdBy>logonrmlocal</createdBy>
<createdTime>2022-06-07 22:55:45 UTC</createdTime>
<comment><![CDATA[Esse atributo vai receber o nome da cidade do endereço de entrega, ele é obrigatório]]></comment>
<commentInRDBMS><![CDATA[Esse atributo vai receber o nome da cidade do endereço de entrega, ele é obrigatório]]></commentInRDBMS>
<ownerDesignName>RM94467_RM93042</ownerDesignName>
<engineerTo>
<item key="1BC3C7CA-0ADD-D32A-DAFC-0D8226B44D9D" value="true"/>
</engineerTo>
<useDomainConstraints>false</useDomainConstraints>
<use>1</use>
<logicalDatatype>LOGDT024</logicalDatatype>
<dataTypeSize>30</dataTypeSize>
<ownDataTypeParameters>30,,</ownDataTypeParameters>
</Attribute>
<Attribute name="nm_estado" id="0125AAA6-7D25-5D61-8D3A-EA90E583DCF8">
<createdBy>logonrmlocal</createdBy>
<createdTime>2022-06-07 22:56:20 UTC</createdTime>
<comment><![CDATA[Esse atributo vai receber o nome do estado do endereço de entrega, ele é obrigatório]]></comment>
<commentInRDBMS><![CDATA[Esse atributo vai receber o nome do estado do endereço de entrega, ele é obrigatório]]></commentInRDBMS>
<ownerDesignName>RM94467_RM93042</ownerDesignName>
<engineerTo>
<item key="1BC3C7CA-0ADD-D32A-DAFC-0D8226B44D9D" value="true"/>
</engineerTo>
<useDomainConstraints>false</useDomainConstraints>
<use>1</use>
<logicalDatatype>LOGDT024</logicalDatatype>
<dataTypeSize>30</dataTypeSize>
<ownDataTypeParameters>30,,</ownDataTypeParameters>
</Attribute>
<Attribute name="ds_largadouro" id="5FAA149F-5EE4-79FD-A087-7E57AB972C73">
<createdBy>logonrmlocal</createdBy>
<createdTime>2022-06-07 22:57:13 UTC</createdTime>
<comment><![CDATA[Esse atributo vai receber a descrição do largadouro do endereço de entrega, ele é obrigatório]]></comment>
<commentInRDBMS><![CDATA[Esse atributo vai receber a descrição do largadouro do endereço de entrega, ele é obrigatório]]></commentInRDBMS>
<ownerDesignName>RM94467_RM93042</ownerDesignName>
<engineerTo>
<item key="1BC3C7CA-0ADD-D32A-DAFC-0D8226B44D9D" value="true"/>
</engineerTo>
<useDomainConstraints>false</useDomainConstraints>
<use>1</use>
<logicalDatatype>LOGDT024</logicalDatatype>
<dataTypeSize>400</dataTypeSize>
<ownDataTypeParameters>400,,</ownDataTypeParameters>
</Attribute>
<Attribute name="nr_numero" id="C77A6B2B-EF99-9073-7A14-BD96EFB09F6F">
<createdBy>logonrmlocal</createdBy>
<createdTime>2022-06-07 22:58:13 UTC</createdTime>
<comment><![CDATA[Esse atributo vai receber o numero da rua doendereço de entrega, ele é obrigatório]]></comment>
<commentInRDBMS><![CDATA[Esse atributo vai receber o numero da rua doendereço de entrega, ele é obrigatório]]></commentInRDBMS>
<ownerDesignName>RM94467_RM93042</ownerDesignName>
<engineerTo>
<item key="1BC3C7CA-0ADD-D32A-DAFC-0D8226B44D9D" value="true"/>
</engineerTo>
<useDomainConstraints>false</useDomainConstraints>
<use>1</use>
<logicalDatatype>LOGDT019</logicalDatatype>
<dataTypePrecision>6</dataTypePrecision>
<ownDataTypeParameters>,6,</ownDataTypeParameters>
</Attribute>
<Attribute name="ds_ponto_referencia" id="37E4F59C-AEAC-7B73-47B0-D96434F4C0D5">
<createdBy>logonrmlocal</createdBy>
<createdTime>2022-06-07 22:59:44 UTC</createdTime>
<comment><![CDATA[Esse atributo vai receber o numero da rua do endereço de entrega, ele é obrigatório]]></comment>
<commentInRDBMS><![CDATA[Esse atributo vai receber o numero da rua do endereço de entrega, ele é obrigatório]]></commentInRDBMS>
<ownerDesignName>RM94467_RM93042</ownerDesignName>
<engineerTo>
<item key="1BC3C7CA-0ADD-D32A-DAFC-0D8226B44D9D" value="true"/>
</engineerTo>
<useDomainConstraints>false</useDomainConstraints>
<use>1</use>
<logicalDatatype>LOGDT024</logicalDatatype>
<dataTypeSize>400</dataTypeSize>
<ownDataTypeParameters>400,,</ownDataTypeParameters>
</Attribute>
<Attribute name="id_cliente" id="C3DE42D5-D035-DCDF-4C1E-12686AB5F879">
<createdBy>logonrmlocal</createdBy>
<createdTime>2022-06-07 23:25:45 UTC</createdTime>
<comment><![CDATA[Esse atributo vai receber o ID do cliente, ele é uma chave primaria]]></comment>
<generatorID>34699AF8-852D-1D3C-CD1D-50CB15E99768</generatorID>
<ownerDesignName>RM94467_RM93042</ownerDesignName>
<engineerTo>
<item key="1BC3C7CA-0ADD-D32A-DAFC-0D8226B44D9D" value="true"/>
</engineerTo>
<referedAttribute>68AB3B3D-18E6-37DC-7E7F-CD1E85882041</referedAttribute>
<useDomainConstraints>false</useDomainConstraints>
<use>1</use>
<logicalDatatype>LOGDT019</logicalDatatype>
<dataTypePrecision>15</dataTypePrecision>
<ownDataTypeParameters>,,</ownDataTypeParameters>
</Attribute>
</attributes>
<identifiers itemClass="oracle.dbtools.crest.model.design.logical.CandidateKey">
<identifier id="E2588176-5253-7AEA-05FB-729005BB080C" name="T_MC_EDERECO_ENTREGA PK">
<createdBy>logonrmlocal</createdBy>
<createdTime>2022-06-07 22:54:18 UTC</createdTime>
<ownerDesignName>RM94467_RM93042</ownerDesignName>
<engineerTo>
<item key="1BC3C7CA-0ADD-D32A-DAFC-0D8226B44D9D" value="true"/>
</engineerTo>
<pk>true</pk>
<usedAttributes>
<attributeRef>B3F65E35-81E7-1DCD-B8B8-F49E410AD99A</attributeRef>
</usedAttributes>
</identifier>
</identifiers>
</Entity>