<?xml version = '1.0' encoding = 'UTF-8'?>
<Entity class="oracle.dbtools.crest.model.design.logical.Entity" directorySegmentName="seg_0" id="36B9FA7C-1652-1092-A8B2-951FCCC0D491" name="T_MC_DUVIDAS_SUGESTOES">
<createdBy>logonrmlocal</createdBy>
<createdTime>2022-06-07 23:51:52 UTC</createdTime>
<ownerDesignName>RM94467_RM93042</ownerDesignName>
<engineerTo>
<item key="1BC3C7CA-0ADD-D32A-DAFC-0D8226B44D9D" value="true"/>
</engineerTo>
<adequatelyNormalized>NO</adequatelyNormalized>
<expectedVolumes>0</expectedVolumes>
<fwdEngineeringStrategyName>Single Table</fwdEngineeringStrategyName>
<growthPercent>0</growthPercent>
<growthType>Year</growthType>
<maxVolumes>9999999</maxVolumes>
<minVolumes>0</minVolumes>
<normalForm>Third</normalForm>
<attributes itemClass="oracle.dbtools.crest.model.design.logical.Attribute">
<Attribute name="id_duvidas_sugestoes" id="BC208DCA-B6C9-07C7-398B-83267B2EFBB7">
<createdBy>logonrmlocal</createdBy>
<createdTime>2022-06-07 23:52:06 UTC</createdTime>
<comment><![CDATA[Esse atributo vai receber o ID das duvidas e sugestões, ele é uma chave primaria]]></comment>
<commentInRDBMS><![CDATA[Esse atributo vai receber o ID das duvidas e sugestões, ele é uma chave primaria]]></commentInRDBMS>
<ownerDesignName>RM94467_RM93042</ownerDesignName>
<engineerTo>
<item key="1BC3C7CA-0ADD-D32A-DAFC-0D8226B44D9D" value="true"/>
</engineerTo>
<useDomainConstraints>false</useDomainConstraints>
<use>1</use>
<logicalDatatype>LOGDT019</logicalDatatype>
<dataTypePrecision>15</dataTypePrecision>
<ownDataTypeParameters>,15,</ownDataTypeParameters>
</Attribute>
<Attribute name="ds_duvidas_sugestoes" id="8584B42E-68F5-D699-378D-AAC33D4493FC">
<createdBy>logonrmlocal</createdBy>
<createdTime>2022-06-07 23:52:48 UTC</createdTime>
<comment><![CDATA[Esse atributo vai a descrição das dúvidas e sugestões , ele é um atributo obrigatório]]></comment>
<commentInRDBMS><![CDATA[Esse atributo vai a descrição das dúvidas e sugestões , ele é um atributo obrigatório]]></commentInRDBMS>
<ownerDesignName>RM94467_RM93042</ownerDesignName>
<engineerTo>
<item key="1BC3C7CA-0ADD-D32A-DAFC-0D8226B44D9D" value="true"/>
</engineerTo>
<useDomainConstraints>false</useDomainConstraints>
<use>1</use>
<logicalDatatype>LOGDT024</logicalDatatype>
<dataTypeSize>400</dataTypeSize>
<ownDataTypeParameters>400,,</ownDataTypeParameters>
</Attribute>
</attributes>
<identifiers itemClass="oracle.dbtools.crest.model.design.logical.CandidateKey">
<identifier id="AA4864E3-0604-8F56-D466-00AFF77003AD" name="TMC_DUVIDAS_SUGESTOES PK">
<createdBy>logonrmlocal</createdBy>
<createdTime>2022-06-07 23:52:22 UTC</createdTime>
<ownerDesignName>RM94467_RM93042</ownerDesignName>
<engineerTo>
<item key="1BC3C7CA-0ADD-D32A-DAFC-0D8226B44D9D" value="true"/>
</engineerTo>
<pk>true</pk>
<usedAttributes>
<attributeRef>BC208DCA-B6C9-07C7-398B-83267B2EFBB7</attributeRef>
</usedAttributes>
</identifier>
</identifiers>
</Entity>