<?xml version = '1.0' encoding = 'UTF-8'?>
<Entity class="oracle.dbtools.crest.model.design.logical.Entity" directorySegmentName="seg_0" id="4675FF70-46DA-BAE1-0508-26D3F44B8A98" name="T_MC_CATEGORIA_VIDEOv1">
<createdBy>logonrmlocal</createdBy>
<createdTime>2022-06-07 23:34:24 UTC</createdTime>
<ownerDesignName>RM94467_RM93042</ownerDesignName>
<engineerTo>
<item key="1BC3C7CA-0ADD-D32A-DAFC-0D8226B44D9D" value="true"/>
</engineerTo>
<adequatelyNormalized>NO</adequatelyNormalized>
<expectedVolumes>0</expectedVolumes>
<fwdEngineeringStrategyName>Single Table</fwdEngineeringStrategyName>
<growthPercent>0</growthPercent>
<growthType>Year</growthType>
<maxVolumes>9999999</maxVolumes>
<minVolumes>0</minVolumes>
<normalForm>Third</normalForm>
<attributes itemClass="oracle.dbtools.crest.model.design.logical.Attribute">
<Attribute name="id_categoria" id="505D2014-4ADE-5BA6-8825-0F128C45C328">
<createdBy>logonrmlocal</createdBy>
<createdTime>2022-06-07 23:35:53 UTC</createdTime>
<comment><![CDATA[Esse atributo vai receber o ID da categoria do video, ele é uma chave primaria]]></comment>
<commentInRDBMS><![CDATA[Esse atributo vai receber o ID da categoria do video, ele é uma chave primaria]]></commentInRDBMS>
<ownerDesignName>RM94467_RM93042</ownerDesignName>
<engineerTo>
<item key="1BC3C7CA-0ADD-D32A-DAFC-0D8226B44D9D" value="true"/>
</engineerTo>
<useDomainConstraints>false</useDomainConstraints>
<use>1</use>
<logicalDatatype>LOGDT019</logicalDatatype>
<dataTypePrecision>15</dataTypePrecision>
<ownDataTypeParameters>,15,</ownDataTypeParameters>
</Attribute>
<Attribute name="ds_categoria" id="4F6A4070-C5A2-3114-40F9-EAAE204480BC">
<createdBy>logonrmlocal</createdBy>
<createdTime>2022-06-07 23:36:29 UTC</createdTime>
<comment><![CDATA[Esse atributo vai receber a descrição da categoria do video, ele é um atributo obrigatório]]></comment>
<commentInRDBMS><![CDATA[Esse atributo vai receber a descrição da categoria do video, ele é um atributo obrigatório]]></commentInRDBMS>
<ownerDesignName>RM94467_RM93042</ownerDesignName>
<engineerTo>
<item key="1BC3C7CA-0ADD-D32A-DAFC-0D8226B44D9D" value="true"/>
</engineerTo>
<useDomainConstraints>false</useDomainConstraints>
<use>1</use>
<logicalDatatype>LOGDT024</logicalDatatype>
<dataTypeSize>30</dataTypeSize>
<ownDataTypeParameters>30,,</ownDataTypeParameters>
</Attribute>
<Attribute name="nm_categoria" id="A49EF24A-7B85-FE05-EBA2-905C61E3F1FE">
<createdBy>logonrmlocal</createdBy>
<createdTime>2022-06-07 23:37:15 UTC</createdTime>
<comment><![CDATA[Esse atributo vai receber o nome da categoria do video, ele é um atributo obrigatório ]]></comment>
<commentInRDBMS><![CDATA[Esse atributo vai receber o nome da categoria do video, ele é um atributo obrigatório ]]></commentInRDBMS>
<ownerDesignName>RM94467_RM93042</ownerDesignName>
<engineerTo>
<item key="1BC3C7CA-0ADD-D32A-DAFC-0D8226B44D9D" value="true"/>
</engineerTo>
<nullsAllowed>true</nullsAllowed>
<useDomainConstraints>false</useDomainConstraints>
<use>1</use>
<logicalDatatype>LOGDT024</logicalDatatype>
<dataTypeSize>30</dataTypeSize>
<ownDataTypeParameters>30,,</ownDataTypeParameters>
</Attribute>
</attributes>
<identifiers itemClass="oracle.dbtools.crest.model.design.logical.CandidateKey">
<identifier id="4001D275-008D-88D2-FEB8-CC84DBDDF9D6" name="T_MC_CATEGORIA_VIDEOv1 PK">
<createdBy>logonrmlocal</createdBy>
<createdTime>2022-06-07 23:36:05 UTC</createdTime>
<ownerDesignName>RM94467_RM93042</ownerDesignName>
<engineerTo>
<item key="1BC3C7CA-0ADD-D32A-DAFC-0D8226B44D9D" value="true"/>
</engineerTo>
<pk>true</pk>
<usedAttributes>
<attributeRef>505D2014-4ADE-5BA6-8825-0F128C45C328</attributeRef>
</usedAttributes>
</identifier>
</identifiers>
</Entity>