<?xml version = '1.0' encoding = 'UTF-8'?>
<Entity class="oracle.dbtools.crest.model.design.logical.Entity" directorySegmentName="seg_0" id="46A772D0-5F50-94B0-00F2-10B03F0EB524" name="T_MC_PUBLICACAO">
<createdBy>logonrmlocal</createdBy>
<createdTime>2022-06-07 23:56:59 UTC</createdTime>
<ownerDesignName>RM94467_RM93042</ownerDesignName>
<engineerTo>
<item key="1BC3C7CA-0ADD-D32A-DAFC-0D8226B44D9D" value="true"/>
</engineerTo>
<adequatelyNormalized>NO</adequatelyNormalized>
<expectedVolumes>0</expectedVolumes>
<fwdEngineeringStrategyName>Single Table</fwdEngineeringStrategyName>
<growthPercent>0</growthPercent>
<growthType>Year</growthType>
<maxVolumes>9999999</maxVolumes>
<minVolumes>0</minVolumes>
<normalForm>Third</normalForm>
<attributes itemClass="oracle.dbtools.crest.model.design.logical.Attribute">
<Attribute name="id_publicacao" id="BF97D8C3-5158-1B02-EFC9-D1ED88068271">
<createdBy>logonrmlocal</createdBy>
<createdTime>2022-06-07 23:57:11 UTC</createdTime>
<comment><![CDATA[Esse atributo vai receber o ID da publicação, ele é uma chave primaria]]></comment>
<commentInRDBMS><![CDATA[Esse atributo vai receber o ID da publicação, ele é uma chave primaria]]></commentInRDBMS>
<ownerDesignName>RM94467_RM93042</ownerDesignName>
<engineerTo>
<item key="1BC3C7CA-0ADD-D32A-DAFC-0D8226B44D9D" value="true"/>
</engineerTo>
<useDomainConstraints>false</useDomainConstraints>
<use>1</use>
<logicalDatatype>LOGDT019</logicalDatatype>
<dataTypePrecision>15</dataTypePrecision>
<ownDataTypeParameters>,15,</ownDataTypeParameters>
</Attribute>
<Attribute name="id_cliente" id="24ABB2B2-56A7-0245-3208-E8D27CE01B56">
<createdBy>logonrmlocal</createdBy>
<createdTime>2022-06-08 00:00:54 UTC</createdTime>
<comment><![CDATA[Esse atributo vai receber o ID do cliente, ele é uma chave primaria]]></comment>
<generatorID>12BAD252-B4BE-F710-D9CF-1A5D5A9C1EEA</generatorID>
<ownerDesignName>RM94467_RM93042</ownerDesignName>
<engineerTo>
<item key="1BC3C7CA-0ADD-D32A-DAFC-0D8226B44D9D" value="true"/>
</engineerTo>
<referedAttribute>68AB3B3D-18E6-37DC-7E7F-CD1E85882041</referedAttribute>
<useDomainConstraints>false</useDomainConstraints>
<use>1</use>
<logicalDatatype>LOGDT019</logicalDatatype>
<dataTypePrecision>15</dataTypePrecision>
<ownDataTypeParameters>,,</ownDataTypeParameters>
</Attribute>
<Attribute name="id_duvidas_sugestoes" id="3D57DC98-FAB5-C84A-78F5-904EB884676E">
<createdBy>logonrmlocal</createdBy>
<createdTime>2022-06-08 00:03:06 UTC</createdTime>
<comment><![CDATA[Esse atributo vai receber o ID das duvidas e sugestões, ele é uma chave primaria]]></comment>
<generatorID>3D3CE92D-31C5-0E1C-D43F-F26917FD8AC0</generatorID>
<ownerDesignName>RM94467_RM93042</ownerDesignName>
<engineerTo>
<item key="1BC3C7CA-0ADD-D32A-DAFC-0D8226B44D9D" value="true"/>
</engineerTo>
<referedAttribute>BC208DCA-B6C9-07C7-398B-83267B2EFBB7</referedAttribute>
<useDomainConstraints>false</useDomainConstraints>
<use>1</use>
<logicalDatatype>LOGDT019</logicalDatatype>
<dataTypePrecision>15</dataTypePrecision>
<ownDataTypeParameters>,,</ownDataTypeParameters>
</Attribute>
<Attribute name="id_produto" id="A1E8B99F-71E9-0135-4566-B733756C0401">
<createdBy>logonrmlocal</createdBy>
<createdTime>2022-06-08 00:04:27 UTC</createdTime>
<comment><![CDATA[Esse atributo vai receber o ID do produto, é uma chave primaria, ele deve ser sequencial para utilizado como SEQUENCE e crescente de acordo com novos produtos que forem sendo cadastrados]]></comment>
<generatorID>A0A9D625-6DAE-2C6B-2B84-FDDB163A8DF2</generatorID>
<ownerDesignName>RM94467_RM93042</ownerDesignName>
<engineerTo>
<item key="1BC3C7CA-0ADD-D32A-DAFC-0D8226B44D9D" value="true"/>
</engineerTo>
<referedAttribute>3C292D55-B809-8235-9A64-A57052960DFB</referedAttribute>
<useDomainConstraints>false</useDomainConstraints>
<use>1</use>
<logicalDatatype>LOGDT019</logicalDatatype>
<dataTypePrecision>10</dataTypePrecision>
<ownDataTypeParameters>,,</ownDataTypeParameters>
</Attribute>
<Attribute name="dt_publicacao" id="E4B1AC08-B36A-CD30-BCAE-48664F278EA1">
<createdBy>logonrmlocal</createdBy>
<createdTime>2022-06-07 23:57:44 UTC</createdTime>
<comment><![CDATA[Esse atributo vai receber a data da publicaçãoe, ele é um atributo obrigatório]]></comment>
<commentInRDBMS><![CDATA[Esse atributo vai receber a data da publicaçãoe, ele é um atributo obrigatório]]></commentInRDBMS>
<ownerDesignName>RM94467_RM93042</ownerDesignName>
<engineerTo>
<item key="1BC3C7CA-0ADD-D32A-DAFC-0D8226B44D9D" value="true"/>
</engineerTo>
<useDomainConstraints>false</useDomainConstraints>
<use>1</use>
<logicalDatatype>LOGDT007</logicalDatatype>
<ownDataTypeParameters>,,</ownDataTypeParameters>
</Attribute>
</attributes>
<identifiers itemClass="oracle.dbtools.crest.model.design.logical.CandidateKey">
<identifier id="10A94FB9-45F5-C8B6-F0AD-D51D7C5EC839" name="T_MC_PUBLICACAO PK">
<createdBy>logonrmlocal</createdBy>
<createdTime>2022-06-07 23:57:26 UTC</createdTime>
<ownerDesignName>RM94467_RM93042</ownerDesignName>
<engineerTo>
<item key="1BC3C7CA-0ADD-D32A-DAFC-0D8226B44D9D" value="true"/>
</engineerTo>
<pk>true</pk>
<usedAttributes>
<attributeRef>BF97D8C3-5158-1B02-EFC9-D1ED88068271</attributeRef>
</usedAttributes>
</identifier>
</identifiers>
</Entity>