<?xml version = '1.0' encoding = 'UTF-8'?>
<Entity class="oracle.dbtools.crest.model.design.logical.Entity" directorySegmentName="seg_0" id="4B64A4C6-C9CD-9991-4AEA-CD8B3FE3C206" name="T_MC_VISUALIZACAO">
<createdBy>logonrmlocal</createdBy>
<createdTime>2022-06-07 22:30:50 UTC</createdTime>
<ownerDesignName>RM94467_RM93042</ownerDesignName>
<engineerTo>
<item key="1BC3C7CA-0ADD-D32A-DAFC-0D8226B44D9D" value="true"/>
</engineerTo>
<adequatelyNormalized>NO</adequatelyNormalized>
<expectedVolumes>0</expectedVolumes>
<fwdEngineeringStrategyName>Single Table</fwdEngineeringStrategyName>
<growthPercent>0</growthPercent>
<growthType>Year</growthType>
<maxVolumes>9999999</maxVolumes>
<minVolumes>0</minVolumes>
<normalForm>Third</normalForm>
<attributes itemClass="oracle.dbtools.crest.model.design.logical.Attribute">
<Attribute name="id_visualizacao" id="70237E98-D9EE-834A-8195-ECC0F2ED5DC3">
<createdBy>logonrmlocal</createdBy>
<createdTime>2022-06-07 22:31:05 UTC</createdTime>
<commentInRDBMS><![CDATA[Esse atributo vai receber o ID das visualizações dos videos, ele é uma chave primaria]]></commentInRDBMS>
<ownerDesignName>RM94467_RM93042</ownerDesignName>
<engineerTo>
<item key="1BC3C7CA-0ADD-D32A-DAFC-0D8226B44D9D" value="true"/>
</engineerTo>
<useDomainConstraints>false</useDomainConstraints>
<use>1</use>
<logicalDatatype>LOGDT019</logicalDatatype>
<dataTypePrecision>15</dataTypePrecision>
<ownDataTypeParameters>,15,</ownDataTypeParameters>
</Attribute>
<Attribute name="id_video" id="AA3E3F08-9C78-29A8-DB22-8E683313F8F5">
<createdBy>logonrmlocal</createdBy>
<createdTime>2022-06-07 23:21:37 UTC</createdTime>
<comment><![CDATA[Esse atributo vai receber o ID do video, ele é uma chave primaria]]></comment>
<commentInRDBMS><![CDATA[Esse atributo vai receber o ID do video, ele é uma chave primaria]]></commentInRDBMS>
<generatorID>1FC10BA9-CD57-A9BB-93C9-707036EEAE5F</generatorID>
<ownerDesignName>RM94467_RM93042</ownerDesignName>
<engineerTo>
<item key="1BC3C7CA-0ADD-D32A-DAFC-0D8226B44D9D" value="true"/>
</engineerTo>
<referedAttribute>188A004E-FB66-8608-CED9-306251E7AFB6</referedAttribute>
<useDomainConstraints>false</useDomainConstraints>
<use>1</use>
<logicalDatatype>LOGDT019</logicalDatatype>
<dataTypePrecision>15</dataTypePrecision>
<ownDataTypeParameters>,,</ownDataTypeParameters>
</Attribute>
<Attribute name="id_produto" id="800D49BC-3EF3-BCAD-460F-49216D840535">
<createdBy>logonrmlocal</createdBy>
<createdTime>2022-06-07 23:22:23 UTC</createdTime>
<comment><![CDATA[Esse atributo vai receber o ID do produto, é uma chave primaria, ele deve ser sequencial para utilizado como SEQUENCE e crescente de acordo com novos produtos que forem sendo cadastrados]]></comment>
<generatorID>B5F105AE-6442-1F9F-706D-79237A2EAAD1</generatorID>
<ownerDesignName>RM94467_RM93042</ownerDesignName>
<engineerTo>
<item key="1BC3C7CA-0ADD-D32A-DAFC-0D8226B44D9D" value="true"/>
</engineerTo>
<referedAttribute>3C292D55-B809-8235-9A64-A57052960DFB</referedAttribute>
<useDomainConstraints>false</useDomainConstraints>
<use>1</use>
<logicalDatatype>LOGDT019</logicalDatatype>
<dataTypePrecision>10</dataTypePrecision>
<ownDataTypeParameters>,,</ownDataTypeParameters>
</Attribute>
<Attribute name="id_sessao" id="BFCC6389-0D7C-3C0F-43B8-65B71307A50F">
<createdBy>logonrmlocal</createdBy>
<createdTime>2022-06-07 23:31:47 UTC</createdTime>
<comment><![CDATA[Esse atributo vai receber o ID da sessão do login, ele é uma chave primaria]]></comment>
<generatorID>891FEDC9-8BEF-895F-C4C0-8BA86AA21D1B</generatorID>
<ownerDesignName>RM94467_RM93042</ownerDesignName>
<engineerTo>
<item key="1BC3C7CA-0ADD-D32A-DAFC-0D8226B44D9D" value="true"/>
</engineerTo>
<referedAttribute>3E6A3555-6ADB-B740-F623-6F783C12721A</referedAttribute>
<useDomainConstraints>false</useDomainConstraints>
<use>1</use>
<logicalDatatype>LOGDT019</logicalDatatype>
<dataTypePrecision>15</dataTypePrecision>
<ownDataTypeParameters>,,</ownDataTypeParameters>
</Attribute>
<Attribute name="dt_visualizacao" id="FDBD7D8A-24E5-EB17-7C13-82439DA797F4">
<createdBy>logonrmlocal</createdBy>
<createdTime>2022-06-07 23:15:50 UTC</createdTime>
<comment><![CDATA[Esse atributo vai receber a data de visualização, ele é um atributo obrigatório]]></comment>
<commentInRDBMS><![CDATA[Esse atributo vai receber a data de visualização, ele é um atributo obrigatório]]></commentInRDBMS>
<ownerDesignName>RM94467_RM93042</ownerDesignName>
<engineerTo>
<item key="1BC3C7CA-0ADD-D32A-DAFC-0D8226B44D9D" value="true"/>
</engineerTo>
<useDomainConstraints>false</useDomainConstraints>
<use>1</use>
<logicalDatatype>LOGDT007</logicalDatatype>
<ownDataTypeParameters>,,</ownDataTypeParameters>
</Attribute>
<Attribute name="nr_hora" id="DF21ABE5-1956-5121-532B-DED6ADC56A7B">
<createdBy>logonrmlocal</createdBy>
<createdTime>2022-06-07 23:16:18 UTC</createdTime>
<comment><![CDATA[Esse atributo vai receber as horas  das visualizações, ele é um atributo obrigatório]]></comment>
<commentInRDBMS><![CDATA[Esse atributo vai receber as horas  das visualizações, ele é um atributo obrigatório]]></commentInRDBMS>
<ownerDesignName>RM94467_RM93042</ownerDesignName>
<engineerTo>
<item key="1BC3C7CA-0ADD-D32A-DAFC-0D8226B44D9D" value="true"/>
</engineerTo>
<useDomainConstraints>false</useDomainConstraints>
<use>1</use>
<logicalDatatype>LOGDT019</logicalDatatype>
<dataTypePrecision>2</dataTypePrecision>
<ownDataTypeParameters>,2,</ownDataTypeParameters>
</Attribute>
<Attribute name="nr_segundo" id="190622A7-218F-449C-460E-9E7FF3B1A56B">
<createdBy>logonrmlocal</createdBy>
<createdTime>2022-06-07 23:17:00 UTC</createdTime>
<comment><![CDATA[Esse atributo vai receber os segundos das visualizações, ele é um atributo obrigatório]]></comment>
<commentInRDBMS><![CDATA[Esse atributo vai receber os segundos das visualizações, ele é um atributo obrigatório]]></commentInRDBMS>
<ownerDesignName>RM94467_RM93042</ownerDesignName>
<engineerTo>
<item key="1BC3C7CA-0ADD-D32A-DAFC-0D8226B44D9D" value="true"/>
</engineerTo>
<useDomainConstraints>false</useDomainConstraints>
<use>1</use>
<logicalDatatype>LOGDT019</logicalDatatype>
<dataTypePrecision>2</dataTypePrecision>
<ownDataTypeParameters>,2,</ownDataTypeParameters>
</Attribute>
<Attribute name="nr_minuto" id="9EE66ADA-A34C-3A96-A5A1-D2603CBFDB5B">
<createdBy>logonrmlocal</createdBy>
<createdTime>2022-06-07 23:18:00 UTC</createdTime>
<comment><![CDATA[Esse atributo vai receber os minutos das visualizações, ele é um atributo obrigatório]]></comment>
<commentInRDBMS><![CDATA[Esse atributo vai receber os minutos das visualizações, ele é um atributo obrigatório]]></commentInRDBMS>
<ownerDesignName>RM94467_RM93042</ownerDesignName>
<engineerTo>
<item key="1BC3C7CA-0ADD-D32A-DAFC-0D8226B44D9D" value="true"/>
</engineerTo>
<useDomainConstraints>false</useDomainConstraints>
<use>1</use>
<logicalDatatype>LOGDT019</logicalDatatype>
<dataTypePrecision>2</dataTypePrecision>
<ownDataTypeParameters>,2,</ownDataTypeParameters>
</Attribute>
<Attribute name="qt_visualizacao" id="6A58F86D-47F2-D08D-903F-D328F23F882D">
<createdBy>logonrmlocal</createdBy>
<createdTime>2022-06-07 23:19:02 UTC</createdTime>
<comment><![CDATA[Esse atributo vai receber a quatidade de  visualização, ele é um atributo obrigatório]]></comment>
<commentInRDBMS><![CDATA[Esse atributo vai receber a quatidade de  visualização, ele é um atributo obrigatório]]></commentInRDBMS>
<ownerDesignName>RM94467_RM93042</ownerDesignName>
<engineerTo>
<item key="1BC3C7CA-0ADD-D32A-DAFC-0D8226B44D9D" value="true"/>
</engineerTo>
<useDomainConstraints>false</useDomainConstraints>
<use>1</use>
<logicalDatatype>LOGDT019</logicalDatatype>
<dataTypePrecision>15</dataTypePrecision>
<ownDataTypeParameters>,15,</ownDataTypeParameters>
</Attribute>
<Attribute name="id_usuario_anonimo" id="A557E8E5-012D-F02B-81DE-DB36E07EAA68">
<createdBy>logonrmlocal</createdBy>
<createdTime>2022-06-07 23:51:17 UTC</createdTime>
<comment><![CDATA[Esse atributo vai receber o ID do usuario anonimo, ele é uma chave primaria]]></comment>
<generatorID>AF88EF1F-D592-C348-D852-C46A46C41BA0</generatorID>
<ownerDesignName>RM94467_RM93042</ownerDesignName>
<engineerTo>
<item key="1BC3C7CA-0ADD-D32A-DAFC-0D8226B44D9D" value="true"/>
</engineerTo>
<referedAttribute>ED5FB4D0-5825-FAB8-3EFB-0D7231AE42A5</referedAttribute>
<useDomainConstraints>false</useDomainConstraints>
<use>1</use>
<logicalDatatype>LOGDT019</logicalDatatype>
<dataTypePrecision>15</dataTypePrecision>
<ownDataTypeParameters>,,</ownDataTypeParameters>
</Attribute>
</attributes>
<identifiers itemClass="oracle.dbtools.crest.model.design.logical.CandidateKey">
<identifier id="6BD27BB9-692D-AA1E-E965-22F4AB4CEE29" name="T_MC_VISUALIZACAO PK">
<createdBy>logonrmlocal</createdBy>
<createdTime>2022-06-07 22:31:27 UTC</createdTime>
<ownerDesignName>RM94467_RM93042</ownerDesignName>
<engineerTo>
<item key="1BC3C7CA-0ADD-D32A-DAFC-0D8226B44D9D" value="true"/>
</engineerTo>
<pk>true</pk>
<usedAttributes>
<attributeRef>70237E98-D9EE-834A-8195-ECC0F2ED5DC3</attributeRef>
</usedAttributes>
</identifier>
</identifiers>
</Entity>