<?xml version = '1.0' encoding = 'UTF-8'?>
<Entity class="oracle.dbtools.crest.model.design.logical.Entity" directorySegmentName="seg_0" id="4D4EA415-84A0-C1A3-F514-C478B32731AD" name="T_MC_USUARIO_ANONIMO">
<createdBy>logonrmlocal</createdBy>
<createdTime>2022-06-07 23:13:16 UTC</createdTime>
<ownerDesignName>RM94467_RM93042</ownerDesignName>
<engineerTo>
<item key="1BC3C7CA-0ADD-D32A-DAFC-0D8226B44D9D" value="true"/>
</engineerTo>
<adequatelyNormalized>NO</adequatelyNormalized>
<expectedVolumes>0</expectedVolumes>
<fwdEngineeringStrategyName>Single Table</fwdEngineeringStrategyName>
<growthPercent>0</growthPercent>
<growthType>Year</growthType>
<maxVolumes>9999999</maxVolumes>
<minVolumes>0</minVolumes>
<normalForm>Third</normalForm>
<attributes itemClass="oracle.dbtools.crest.model.design.logical.Attribute">
<Attribute name="id_usuario_anonimo" id="ED5FB4D0-5825-FAB8-3EFB-0D7231AE42A5">
<createdBy>logonrmlocal</createdBy>
<createdTime>2022-06-07 23:26:49 UTC</createdTime>
<comment><![CDATA[Esse atributo vai receber o ID do usuario anonimo, ele é uma chave primaria]]></comment>
<commentInRDBMS><![CDATA[Esse atributo vai receber o ID do usuario anonimo, ele é uma chave primaria]]></commentInRDBMS>
<ownerDesignName>RM94467_RM93042</ownerDesignName>
<engineerTo>
<item key="1BC3C7CA-0ADD-D32A-DAFC-0D8226B44D9D" value="true"/>
</engineerTo>
<useDomainConstraints>false</useDomainConstraints>
<use>1</use>
<logicalDatatype>LOGDT019</logicalDatatype>
<dataTypePrecision>15</dataTypePrecision>
<ownDataTypeParameters>,15,</ownDataTypeParameters>
</Attribute>
</attributes>
<identifiers itemClass="oracle.dbtools.crest.model.design.logical.CandidateKey">
<identifier id="601CA3B7-B9AB-F265-72A7-C749179B9527" name="T_MC_USUARIO_ANONIMO PK">
<createdBy>logonrmlocal</createdBy>
<createdTime>2022-06-07 23:27:19 UTC</createdTime>
<ownerDesignName>RM94467_RM93042</ownerDesignName>
<engineerTo>
<item key="1BC3C7CA-0ADD-D32A-DAFC-0D8226B44D9D" value="true"/>
</engineerTo>
<pk>true</pk>
<usedAttributes>
<attributeRef>ED5FB4D0-5825-FAB8-3EFB-0D7231AE42A5</attributeRef>
</usedAttributes>
</identifier>
</identifiers>
</Entity>