<?xml version = '1.0' encoding = 'UTF-8'?>
<Entity class="oracle.dbtools.crest.model.design.logical.Entity" directorySegmentName="seg_0" id="5A5198FF-1F26-1E4E-294C-03273776B51A" name="T_MS_PESSOA_FISICA">
<createdBy>logonrmlocal</createdBy>
<createdTime>2022-06-07 22:09:41 UTC</createdTime>
<ownerDesignName>RM94467_RM93042</ownerDesignName>
<engineerTo>
<item key="1BC3C7CA-0ADD-D32A-DAFC-0D8226B44D9D" value="true"/>
</engineerTo>
<adequatelyNormalized>NO</adequatelyNormalized>
<expectedVolumes>0</expectedVolumes>
<fwdEngineeringStrategyName>Single Table</fwdEngineeringStrategyName>
<growthPercent>0</growthPercent>
<growthType>Year</growthType>
<maxVolumes>9999999</maxVolumes>
<minVolumes>0</minVolumes>
<normalForm>Third</normalForm>
<attributes itemClass="oracle.dbtools.crest.model.design.logical.Attribute">
<Attribute name="id_cliente" id="CDF0A14E-B5A6-2FA8-E3FB-BA30047B8761">
<createdBy>logonrmlocal</createdBy>
<createdTime>2022-06-07 22:10:19 UTC</createdTime>
<comment><![CDATA[Esse atributo vai receber o ID do cliente, ele é uma chave primaria]]></comment>
<generatorID>1A018287-6FFE-A1F4-0D6B-C5326C7A8BA3</generatorID>
<ownerDesignName>RM94467_RM93042</ownerDesignName>
<engineerTo>
<item key="1BC3C7CA-0ADD-D32A-DAFC-0D8226B44D9D" value="true"/>
</engineerTo>
<referedAttribute>68AB3B3D-18E6-37DC-7E7F-CD1E85882041</referedAttribute>
<useDomainConstraints>false</useDomainConstraints>
<use>1</use>
<logicalDatatype>LOGDT019</logicalDatatype>
<dataTypePrecision>15</dataTypePrecision>
<ownDataTypeParameters>,,</ownDataTypeParameters>
</Attribute>
<Attribute name="nr_cpf" id="1245A3AB-C028-8401-74C3-B9AA76CEF6CB">
<createdBy>logonrmlocal</createdBy>
<createdTime>2022-06-07 22:22:19 UTC</createdTime>
<commentInRDBMS><![CDATA[Esse atributo vai receber o cpf do  cliente pessoa fisica, ele é um atributo obrigatório]]></commentInRDBMS>
<ownerDesignName>RM94467_RM93042</ownerDesignName>
<engineerTo>
<item key="1BC3C7CA-0ADD-D32A-DAFC-0D8226B44D9D" value="true"/>
</engineerTo>
<useDomainConstraints>false</useDomainConstraints>
<use>1</use>
<logicalDatatype>LOGDT019</logicalDatatype>
<dataTypePrecision>11</dataTypePrecision>
<ownDataTypeParameters>,11,</ownDataTypeParameters>
</Attribute>
<Attribute name="dt_nascimento" id="A34AAC24-9D9E-6D18-311D-BAE7A1F95D09">
<createdBy>logonrmlocal</createdBy>
<createdTime>2022-06-07 23:01:07 UTC</createdTime>
<comment><![CDATA[Esse atributo vai receber a data de nascimento do cliente pessoa fisica, ele é obrigatório]]></comment>
<commentInRDBMS><![CDATA[Esse atributo vai receber a data de nascimento do cliente pessoa fisica, ele é obrigatório]]></commentInRDBMS>
<ownerDesignName>RM94467_RM93042</ownerDesignName>
<engineerTo>
<item key="1BC3C7CA-0ADD-D32A-DAFC-0D8226B44D9D" value="true"/>
</engineerTo>
<useDomainConstraints>false</useDomainConstraints>
<use>1</use>
<logicalDatatype>LOGDT007</logicalDatatype>
<ownDataTypeParameters>,,</ownDataTypeParameters>
</Attribute>
<Attribute name="ds_sexo" id="D0D83548-96D7-9F24-DA52-5C7BF08B63B4">
<createdBy>logonrmlocal</createdBy>
<createdTime>2022-06-07 23:01:38 UTC</createdTime>
<comment><![CDATA[Esse atributo vai receber o sexo do  cliente pessoa fisica, ele é obrigatório]]></comment>
<commentInRDBMS><![CDATA[Esse atributo vai receber o sexo do  cliente pessoa fisica, ele é obrigatório]]></commentInRDBMS>
<ownerDesignName>RM94467_RM93042</ownerDesignName>
<engineerTo>
<item key="1BC3C7CA-0ADD-D32A-DAFC-0D8226B44D9D" value="true"/>
</engineerTo>
<useDomainConstraints>false</useDomainConstraints>
<use>1</use>
<logicalDatatype>LOGDT024</logicalDatatype>
<dataTypeSize>30</dataTypeSize>
<ownDataTypeParameters>30,,</ownDataTypeParameters>
</Attribute>
<Attribute name="nr_rg" id="6BB4A825-F885-817F-1FFB-F0711BED5B0F">
<createdBy>logonrmlocal</createdBy>
<createdTime>2022-06-07 23:02:35 UTC</createdTime>
<comment><![CDATA[Esse atributo vai receber o snumero do RG do  cliente pessoa fisica, ele é obrigatório]]></comment>
<commentInRDBMS><![CDATA[Esse atributo vai receber o snumero do RG do  cliente pessoa fisica, ele é obrigatório]]></commentInRDBMS>
<ownerDesignName>RM94467_RM93042</ownerDesignName>
<engineerTo>
<item key="1BC3C7CA-0ADD-D32A-DAFC-0D8226B44D9D" value="true"/>
</engineerTo>
<useDomainConstraints>false</useDomainConstraints>
<use>1</use>
<logicalDatatype>LOGDT019</logicalDatatype>
<dataTypePrecision>9</dataTypePrecision>
<ownDataTypeParameters>,9,</ownDataTypeParameters>
</Attribute>
</attributes>
</Entity>