<?xml version = '1.0' encoding = 'UTF-8'?>
<Entity class="oracle.dbtools.crest.model.design.logical.Entity" directorySegmentName="seg_0" id="7FDB5F4E-E19C-0C03-F7ED-BB9933569CC4" name="T_MC_PRODUTO">
<createdBy>logonrmlocal</createdBy>
<createdTime>2022-06-07 22:03:03 UTC</createdTime>
<ownerDesignName>RM94467_RM93042</ownerDesignName>
<engineerTo>
<item key="1BC3C7CA-0ADD-D32A-DAFC-0D8226B44D9D" value="true"/>
</engineerTo>
<adequatelyNormalized>NO</adequatelyNormalized>
<expectedVolumes>0</expectedVolumes>
<fwdEngineeringStrategyName>Single Table</fwdEngineeringStrategyName>
<growthPercent>0</growthPercent>
<growthType>Year</growthType>
<maxVolumes>9999999</maxVolumes>
<minVolumes>0</minVolumes>
<normalForm>Third</normalForm>
<attributes itemClass="oracle.dbtools.crest.model.design.logical.Attribute">
<Attribute name="id_produto" id="3C292D55-B809-8235-9A64-A57052960DFB">
<createdBy>logonrmlocal</createdBy>
<createdTime>2022-06-07 22:03:15 UTC</createdTime>
<comment><![CDATA[Esse atributo vai receber o ID do produto, é uma chave primaria, ele deve ser sequencial para utilizado como SEQUENCE e crescente de acordo com novos produtos que forem sendo cadastrados]]></comment>
<commentInRDBMS><![CDATA[Esse atributo vai receber o ID do produto, é uma chave primaria, ele deve ser sequencial para utilizado como SEQUENCE e crescente de acordo com novos produtos que forem sendo cadastrados]]></commentInRDBMS>
<ownerDesignName>RM94467_RM93042</ownerDesignName>
<engineerTo>
<item key="1BC3C7CA-0ADD-D32A-DAFC-0D8226B44D9D" value="true"/>
</engineerTo>
<useDomainConstraints>false</useDomainConstraints>
<use>1</use>
<logicalDatatype>LOGDT019</logicalDatatype>
<dataTypePrecision>10</dataTypePrecision>
<ownDataTypeParameters>,10,</ownDataTypeParameters>
</Attribute>
<Attribute name="id_categoria" id="1843AFE0-F731-4A22-2CE5-F2CAD0C0FC3B">
<createdBy>logonrmlocal</createdBy>
<createdTime>2022-06-07 23:09:08 UTC</createdTime>
<comment><![CDATA[Esse atributo vai receber o ID da categoriae, ele é uma chave primaria]]></comment>
<generatorID>7171ED62-40B4-8331-6DB6-D30AF3391244</generatorID>
<ownerDesignName>RM94467_RM93042</ownerDesignName>
<engineerTo>
<item key="1BC3C7CA-0ADD-D32A-DAFC-0D8226B44D9D" value="true"/>
</engineerTo>
<referedAttribute>6F8A73C0-DD9B-7412-E532-102FD9808621</referedAttribute>
<useDomainConstraints>false</useDomainConstraints>
<use>1</use>
<logicalDatatype>LOGDT019</logicalDatatype>
<dataTypePrecision>15</dataTypePrecision>
<ownDataTypeParameters>,,</ownDataTypeParameters>
</Attribute>
<Attribute name="st_produto" id="056961EB-C1C1-09D3-1CFA-C576E6A3FF07">
<createdBy>logonrmlocal</createdBy>
<createdTime>2022-06-07 22:16:59 UTC</createdTime>
<commentInRDBMS><![CDATA[Esse atributo vai receber status do produto , ele é um atributo obrigatório
E será identificado por "A" se estiver ativo, "I" se estiver inativo ou "P" se for uma prospecção]]></commentInRDBMS>
<ownerDesignName>RM94467_RM93042</ownerDesignName>
<engineerTo>
<item key="1BC3C7CA-0ADD-D32A-DAFC-0D8226B44D9D" value="true"/>
</engineerTo>
<nullsAllowed>true</nullsAllowed>
<useDomainConstraints>false</useDomainConstraints>
<use>1</use>
<logicalDatatype>LOGDT025</logicalDatatype>
<dataTypeSize>3</dataTypeSize>
<ownDataTypeParameters>3,,</ownDataTypeParameters>
</Attribute>
<Attribute name="cd_barra" id="E9187095-2ADD-DBC0-AB60-77914C5A107D">
<createdBy>logonrmlocal</createdBy>
<createdTime>2022-06-07 22:35:48 UTC</createdTime>
<comment><![CDATA[Esse atriburo vai receber o codigo de barras do produto, ele é opcional deve ser padrão EAN13 ou correspondentes]]></comment>
<commentInRDBMS><![CDATA[Esse atriburo vai receber o codigo de barras do produto, ele é opcional deve ser padrão EAN13 ou correspondentes]]></commentInRDBMS>
<ownerDesignName>RM94467_RM93042</ownerDesignName>
<engineerTo>
<item key="1BC3C7CA-0ADD-D32A-DAFC-0D8226B44D9D" value="true"/>
</engineerTo>
<nullsAllowed>true</nullsAllowed>
<useDomainConstraints>false</useDomainConstraints>
<use>1</use>
<logicalDatatype>LOGDT019</logicalDatatype>
<dataTypePrecision>40</dataTypePrecision>
<ownDataTypeParameters>,40,</ownDataTypeParameters>
</Attribute>
<Attribute name="ds_sucinta_produto" id="C05ECCF0-B232-AA20-B816-63D955C16420">
<createdBy>logonrmlocal</createdBy>
<createdTime>2022-06-07 22:36:54 UTC</createdTime>
<comment><![CDATA[Esse atributo vai receber a descrição suscinta do produto, ele é um atributo obrigatório]]></comment>
<commentInRDBMS><![CDATA[Esse atributo vai receber a descrição suscinta do produto, ele é um atributo obrigatório]]></commentInRDBMS>
<ownerDesignName>RM94467_RM93042</ownerDesignName>
<engineerTo>
<item key="1BC3C7CA-0ADD-D32A-DAFC-0D8226B44D9D" value="true"/>
</engineerTo>
<useDomainConstraints>false</useDomainConstraints>
<use>1</use>
<logicalDatatype>LOGDT024</logicalDatatype>
<dataTypeSize>80</dataTypeSize>
<ownDataTypeParameters>80,,</ownDataTypeParameters>
</Attribute>
<Attribute name="ds_completa_produto" id="4F9A2F44-190E-5316-8376-73C152A9E619">
<createdBy>logonrmlocal</createdBy>
<createdTime>2022-06-07 22:37:51 UTC</createdTime>
<comment><![CDATA[Esse atributo vai receber a descrição completa do produto, ele é um atributo obrigatório]]></comment>
<commentInRDBMS><![CDATA[Esse atributo vai receber a descrição completa do produto, ele é um atributo obrigatório]]></commentInRDBMS>
<ownerDesignName>RM94467_RM93042</ownerDesignName>
<engineerTo>
<item key="1BC3C7CA-0ADD-D32A-DAFC-0D8226B44D9D" value="true"/>
</engineerTo>
<useDomainConstraints>false</useDomainConstraints>
<use>1</use>
<logicalDatatype>LOGDT024</logicalDatatype>
<dataTypeSize>80</dataTypeSize>
<ownDataTypeParameters>80,,</ownDataTypeParameters>
</Attribute>
<Attribute name="vl_unitario" id="058326C6-03B4-30D9-177A-B8B9A70CAD57">
<createdBy>logonrmlocal</createdBy>
<createdTime>2022-06-07 22:38:36 UTC</createdTime>
<comment><![CDATA[Esse atributo vai receber o valor unitario do produto, ele é um atributo obrigatório]]></comment>
<commentInRDBMS><![CDATA[Esse atributo vai receber o valor unitario do produto, ele é um atributo obrigatório]]></commentInRDBMS>
<ownerDesignName>RM94467_RM93042</ownerDesignName>
<engineerTo>
<item key="1BC3C7CA-0ADD-D32A-DAFC-0D8226B44D9D" value="true"/>
</engineerTo>
<useDomainConstraints>false</useDomainConstraints>
<use>1</use>
<logicalDatatype>LOGDT019</logicalDatatype>
<dataTypePrecision>9</dataTypePrecision>
<dataTypeScale>2</dataTypeScale>
<ownDataTypeParameters>,9,2</ownDataTypeParameters>
</Attribute>
<Attribute name="tp_embalagem" id="6F196700-A499-9F48-6790-7D1EF4BFFB77">
<createdBy>logonrmlocal</createdBy>
<createdTime>2022-06-07 22:40:03 UTC</createdTime>
<comment><![CDATA[Esse atributo vai receber o tipo de embalagem do produto, ele é um atributo obrigatório]]></comment>
<commentInRDBMS><![CDATA[Esse atributo vai receber o tipo de embalagem do produto, ele é um atributo obrigatório]]></commentInRDBMS>
<ownerDesignName>RM94467_RM93042</ownerDesignName>
<engineerTo>
<item key="1BC3C7CA-0ADD-D32A-DAFC-0D8226B44D9D" value="true"/>
</engineerTo>
<useDomainConstraints>false</useDomainConstraints>
<use>1</use>
<logicalDatatype>LOGDT024</logicalDatatype>
<dataTypeSize>30</dataTypeSize>
<ownDataTypeParameters>30,,</ownDataTypeParameters>
</Attribute>
<Attribute name="nr_porcentagem_lucro" id="3308D094-53A5-68F6-DE07-4CE42FE99167">
<createdBy>logonrmlocal</createdBy>
<createdTime>2022-06-07 22:40:53 UTC</createdTime>
<comment><![CDATA[Esse atributo vai receber oa porcentagem do lucro  do produto, ele é um atributo obrigatório]]></comment>
<commentInRDBMS><![CDATA[Esse atributo vai receber oa porcentagem do lucro  do produto, ele é um atributo obrigatório]]></commentInRDBMS>
<ownerDesignName>RM94467_RM93042</ownerDesignName>
<engineerTo>
<item key="1BC3C7CA-0ADD-D32A-DAFC-0D8226B44D9D" value="true"/>
</engineerTo>
<useDomainConstraints>false</useDomainConstraints>
<use>1</use>
<logicalDatatype>LOGDT019</logicalDatatype>
<dataTypePrecision>6</dataTypePrecision>
<dataTypeScale>2</dataTypeScale>
<ownDataTypeParameters>,6,2</ownDataTypeParameters>
</Attribute>
</attributes>
<identifiers itemClass="oracle.dbtools.crest.model.design.logical.CandidateKey">
<identifier id="2E1C4E0B-BF39-DCF5-2ADF-B9F5F9465466" name="T_PRODUTO PK">
<createdBy>logonrmlocal</createdBy>
<createdTime>2022-06-07 22:03:50 UTC</createdTime>
<ownerDesignName>RM94467_RM93042</ownerDesignName>
<engineerTo>
<item key="1BC3C7CA-0ADD-D32A-DAFC-0D8226B44D9D" value="true"/>
</engineerTo>
<pk>true</pk>
<usedAttributes>
<attributeRef>3C292D55-B809-8235-9A64-A57052960DFB</attributeRef>
</usedAttributes>
</identifier>
</identifiers>
</Entity>