<?xml version = '1.0' encoding = 'UTF-8'?>
<Entity class="oracle.dbtools.crest.model.design.logical.Entity" directorySegmentName="seg_0" id="90AF536B-2DDD-DD16-F164-4D49124BE7C7" name="T_MC_CATEGORIA_PRODUTO">
<createdBy>logonrmlocal</createdBy>
<createdTime>2022-06-07 22:32:06 UTC</createdTime>
<ownerDesignName>RM94467_RM93042</ownerDesignName>
<engineerTo>
<item key="1BC3C7CA-0ADD-D32A-DAFC-0D8226B44D9D" value="true"/>
</engineerTo>
<adequatelyNormalized>NO</adequatelyNormalized>
<expectedVolumes>0</expectedVolumes>
<fwdEngineeringStrategyName>Single Table</fwdEngineeringStrategyName>
<growthPercent>0</growthPercent>
<growthType>Year</growthType>
<maxVolumes>9999999</maxVolumes>
<minVolumes>0</minVolumes>
<normalForm>Third</normalForm>
<attributes itemClass="oracle.dbtools.crest.model.design.logical.Attribute">
<Attribute name="id_categoria" id="6F8A73C0-DD9B-7412-E532-102FD9808621">
<createdBy>logonrmlocal</createdBy>
<createdTime>2022-06-07 22:32:19 UTC</createdTime>
<comment><![CDATA[Esse atributo vai receber o ID da categoriae, ele é uma chave primaria E deve ser um número sequencial para ser utilizado como SEQUENCE e crescente de acordo com novas categorias que forem sendo cadastradas.]]></comment>
<commentInRDBMS><![CDATA[Esse atributo vai receber o ID da categoriae, ele é uma chave primaria E deve ser um número sequencial para ser utilizado como SEQUENCE e crescente de acordo com novas categorias que forem sendo cadastradas.]]></commentInRDBMS>
<ownerDesignName>RM94467_RM93042</ownerDesignName>
<engineerTo>
<item key="1BC3C7CA-0ADD-D32A-DAFC-0D8226B44D9D" value="true"/>
</engineerTo>
<useDomainConstraints>false</useDomainConstraints>
<use>1</use>
<logicalDatatype>LOGDT019</logicalDatatype>
<dataTypePrecision>15</dataTypePrecision>
<ownDataTypeParameters>,15,</ownDataTypeParameters>
</Attribute>
<Attribute name="ds_categoria" id="72406856-3C2C-F5CC-8AE3-BBEF457B9D84">
<createdBy>logonrmlocal</createdBy>
<createdTime>2022-06-07 22:32:54 UTC</createdTime>
<ownerDesignName>RM94467_RM93042</ownerDesignName>
<engineerTo>
<item key="1BC3C7CA-0ADD-D32A-DAFC-0D8226B44D9D" value="true"/>
</engineerTo>
<useDomainConstraints>false</useDomainConstraints>
<use>1</use>
<logicalDatatype>LOGDT024</logicalDatatype>
<dataTypeSize>400</dataTypeSize>
<ownDataTypeParameters>400,,</ownDataTypeParameters>
</Attribute>
<Attribute name="st_categoria" id="FFDD067D-4393-ECBB-0BF0-EBF05437CFAF">
<createdBy>logonrmlocal</createdBy>
<createdTime>2022-06-07 22:33:09 UTC</createdTime>
<comment><![CDATA[Esse atributo vai receber o status da categoria, ele é um atributo obrigatório
E será identificado por "A" ativo ou "I" de inativo.]]></comment>
<commentInRDBMS><![CDATA[Esse atributo vai receber o status da categoria, ele é um atributo obrigatório
E será identificado por "A" ativo ou "I" de inativo.]]></commentInRDBMS>
<ownerDesignName>RM94467_RM93042</ownerDesignName>
<engineerTo>
<item key="1BC3C7CA-0ADD-D32A-DAFC-0D8226B44D9D" value="true"/>
</engineerTo>
<useDomainConstraints>false</useDomainConstraints>
<use>1</use>
<logicalDatatype>LOGDT025</logicalDatatype>
<dataTypeSize>2</dataTypeSize>
<ownDataTypeParameters>2,,</ownDataTypeParameters>
</Attribute>
<Attribute name="dt_inicio" id="4F508D5F-9E0F-ED23-2E48-DA8446960413">
<createdBy>logonrmlocal</createdBy>
<createdTime>2022-06-07 22:34:21 UTC</createdTime>
<comment><![CDATA[Esee atributo vai receber a data de inclusão de categoria, é obrigatório]]></comment>
<commentInRDBMS><![CDATA[Esee atributo vai receber a data de inclusão de categoria, é obrigatório]]></commentInRDBMS>
<ownerDesignName>RM94467_RM93042</ownerDesignName>
<engineerTo>
<item key="1BC3C7CA-0ADD-D32A-DAFC-0D8226B44D9D" value="true"/>
</engineerTo>
<useDomainConstraints>false</useDomainConstraints>
<use>1</use>
<logicalDatatype>LOGDT007</logicalDatatype>
<ownDataTypeParameters>,,</ownDataTypeParameters>
</Attribute>
<Attribute name="dt_fim" id="86B0E77A-0B30-712A-D180-7FCC53EBC55B">
<createdBy>logonrmlocal</createdBy>
<createdTime>2022-06-07 22:35:04 UTC</createdTime>
<comment><![CDATA[Esse atributo vai receber a data do fim da categoria do produto, ele é opcional]]></comment>
<commentInRDBMS><![CDATA[Esse atributo vai receber a data do fim da categoria do produto, ele é opcional]]></commentInRDBMS>
<ownerDesignName>RM94467_RM93042</ownerDesignName>
<engineerTo>
<item key="1BC3C7CA-0ADD-D32A-DAFC-0D8226B44D9D" value="true"/>
</engineerTo>
<nullsAllowed>true</nullsAllowed>
<useDomainConstraints>false</useDomainConstraints>
<use>1</use>
<logicalDatatype>LOGDT007</logicalDatatype>
<ownDataTypeParameters>,,</ownDataTypeParameters>
</Attribute>
</attributes>
<identifiers itemClass="oracle.dbtools.crest.model.design.logical.CandidateKey">
<identifier id="F82D3098-A9B8-CC01-8860-D33C1EFFCE26" name="T_MC_CATEGORIA PK">
<createdBy>logonrmlocal</createdBy>
<createdTime>2022-06-07 22:32:33 UTC</createdTime>
<ownerDesignName>RM94467_RM93042</ownerDesignName>
<engineerTo>
<item key="1BC3C7CA-0ADD-D32A-DAFC-0D8226B44D9D" value="true"/>
</engineerTo>
<pk>true</pk>
<usedAttributes>
<attributeRef>6F8A73C0-DD9B-7412-E532-102FD9808621</attributeRef>
</usedAttributes>
</identifier>
</identifiers>
</Entity>