<?xml version = '1.0' encoding = 'UTF-8'?>
<Entity class="oracle.dbtools.crest.model.design.logical.Entity" directorySegmentName="seg_0" id="A7AEBD57-B0F6-C936-1FDD-9343FF48A601" name="T_MC_TELEFONE_CLIENTE">
<createdBy>logonrmlocal</createdBy>
<createdTime>2022-06-07 22:50:39 UTC</createdTime>
<ownerDesignName>RM94467_RM93042</ownerDesignName>
<engineerTo>
<item key="1BC3C7CA-0ADD-D32A-DAFC-0D8226B44D9D" value="true"/>
</engineerTo>
<adequatelyNormalized>NO</adequatelyNormalized>
<expectedVolumes>0</expectedVolumes>
<fwdEngineeringStrategyName>Single Table</fwdEngineeringStrategyName>
<growthPercent>0</growthPercent>
<growthType>Year</growthType>
<maxVolumes>9999999</maxVolumes>
<minVolumes>0</minVolumes>
<normalForm>Third</normalForm>
<attributes itemClass="oracle.dbtools.crest.model.design.logical.Attribute">
<Attribute name="id_telefone" id="141084C4-71EC-B1A0-4218-9E4B6B75BFF6">
<createdBy>logonrmlocal</createdBy>
<createdTime>2022-06-07 22:50:54 UTC</createdTime>
<ownerDesignName>RM94467_RM93042</ownerDesignName>
<engineerTo>
<item key="1BC3C7CA-0ADD-D32A-DAFC-0D8226B44D9D" value="true"/>
</engineerTo>
<useDomainConstraints>false</useDomainConstraints>
<use>1</use>
<logicalDatatype>LOGDT019</logicalDatatype>
<dataTypePrecision>15</dataTypePrecision>
<ownDataTypeParameters>,15,</ownDataTypeParameters>
</Attribute>
<Attribute name="nr_ddd" id="C3CE3E40-7ED6-75F6-F3A2-E2A742B08535">
<createdBy>logonrmlocal</createdBy>
<createdTime>2022-06-07 22:51:20 UTC</createdTime>
<ownerDesignName>RM94467_RM93042</ownerDesignName>
<engineerTo>
<item key="1BC3C7CA-0ADD-D32A-DAFC-0D8226B44D9D" value="true"/>
</engineerTo>
<useDomainConstraints>false</useDomainConstraints>
<use>1</use>
<logicalDatatype>LOGDT025</logicalDatatype>
<dataTypeSize>3</dataTypeSize>
<ownDataTypeParameters>3,,</ownDataTypeParameters>
</Attribute>
<Attribute name="nr_ddi" id="C5971604-94A6-6086-B689-912EF3B91FF3">
<createdBy>logonrmlocal</createdBy>
<createdTime>2022-06-07 22:51:46 UTC</createdTime>
<ownerDesignName>RM94467_RM93042</ownerDesignName>
<engineerTo>
<item key="1BC3C7CA-0ADD-D32A-DAFC-0D8226B44D9D" value="true"/>
</engineerTo>
<useDomainConstraints>false</useDomainConstraints>
<use>1</use>
<logicalDatatype>LOGDT025</logicalDatatype>
<dataTypeSize>3</dataTypeSize>
<ownDataTypeParameters>3,,</ownDataTypeParameters>
</Attribute>
<Attribute name="nr_telefone" id="F922012D-E629-9FCC-96A3-31597FF7EC5E">
<createdBy>logonrmlocal</createdBy>
<createdTime>2022-06-07 22:52:14 UTC</createdTime>
<ownerDesignName>RM94467_RM93042</ownerDesignName>
<engineerTo>
<item key="1BC3C7CA-0ADD-D32A-DAFC-0D8226B44D9D" value="true"/>
</engineerTo>
<nullsAllowed>true</nullsAllowed>
<useDomainConstraints>false</useDomainConstraints>
<use>1</use>
<logicalDatatype>LOGDT019</logicalDatatype>
<dataTypePrecision>10</dataTypePrecision>
<ownDataTypeParameters>,10,</ownDataTypeParameters>
</Attribute>
<Attribute name="id_cliente" id="7514C4FD-A71F-FF96-DE96-33DE7C8CCBE9">
<createdBy>logonrmlocal</createdBy>
<createdTime>2022-06-07 23:25:39 UTC</createdTime>
<comment><![CDATA[Esse atributo vai receber o ID do cliente, ele é uma chave primaria]]></comment>
<generatorID>2A1BDF58-49A0-80C0-3C94-7A724C2E06D6</generatorID>
<ownerDesignName>RM94467_RM93042</ownerDesignName>
<engineerTo>
<item key="1BC3C7CA-0ADD-D32A-DAFC-0D8226B44D9D" value="true"/>
</engineerTo>
<referedAttribute>68AB3B3D-18E6-37DC-7E7F-CD1E85882041</referedAttribute>
<useDomainConstraints>false</useDomainConstraints>
<use>1</use>
<logicalDatatype>LOGDT019</logicalDatatype>
<dataTypePrecision>15</dataTypePrecision>
<ownDataTypeParameters>,,</ownDataTypeParameters>
</Attribute>
</attributes>
<identifiers itemClass="oracle.dbtools.crest.model.design.logical.CandidateKey">
<identifier id="9E25319F-735F-9DDD-EFD1-F38D44D3904E" name="T_MC_TELEFONE_CLIENTE PK">
<createdBy>logonrmlocal</createdBy>
<createdTime>2022-06-07 22:51:16 UTC</createdTime>
<ownerDesignName>RM94467_RM93042</ownerDesignName>
<engineerTo>
<item key="1BC3C7CA-0ADD-D32A-DAFC-0D8226B44D9D" value="true"/>
</engineerTo>
<pk>true</pk>
<usedAttributes>
<attributeRef>141084C4-71EC-B1A0-4218-9E4B6B75BFF6</attributeRef>
</usedAttributes>
</identifier>
</identifiers>
</Entity>