<?xml version = '1.0' encoding = 'UTF-8'?>
<Entity class="oracle.dbtools.crest.model.design.logical.Entity" directorySegmentName="seg_0" id="AEEF08B4-E9F7-F121-639B-9F18ACA3F838" name="T_MC_LOGIN">
<createdBy>logonrmlocal</createdBy>
<createdTime>2022-06-07 23:27:58 UTC</createdTime>
<ownerDesignName>RM94467_RM93042</ownerDesignName>
<engineerTo>
<item key="1BC3C7CA-0ADD-D32A-DAFC-0D8226B44D9D" value="true"/>
</engineerTo>
<adequatelyNormalized>NO</adequatelyNormalized>
<expectedVolumes>0</expectedVolumes>
<fwdEngineeringStrategyName>Single Table</fwdEngineeringStrategyName>
<growthPercent>0</growthPercent>
<growthType>Year</growthType>
<maxVolumes>9999999</maxVolumes>
<minVolumes>0</minVolumes>
<normalForm>Third</normalForm>
<attributes itemClass="oracle.dbtools.crest.model.design.logical.Attribute">
<Attribute name="id_sessao" id="3E6A3555-6ADB-B740-F623-6F783C12721A">
<createdBy>logonrmlocal</createdBy>
<createdTime>2022-06-07 23:28:18 UTC</createdTime>
<comment><![CDATA[Esse atributo vai receber o ID da sessão do login, ele é uma chave primaria]]></comment>
<commentInRDBMS><![CDATA[Esse atributo vai receber o ID da sessão do login, ele é uma chave primaria]]></commentInRDBMS>
<ownerDesignName>RM94467_RM93042</ownerDesignName>
<engineerTo>
<item key="1BC3C7CA-0ADD-D32A-DAFC-0D8226B44D9D" value="true"/>
</engineerTo>
<useDomainConstraints>false</useDomainConstraints>
<use>1</use>
<logicalDatatype>LOGDT019</logicalDatatype>
<dataTypePrecision>15</dataTypePrecision>
<ownDataTypeParameters>,15,</ownDataTypeParameters>
</Attribute>
<Attribute name="id_cliente" id="DE18D466-8A8E-77E1-C537-F8AB4ECF590F">
<createdBy>logonrmlocal</createdBy>
<createdTime>2022-06-07 23:30:48 UTC</createdTime>
<comment><![CDATA[Esse atributo vai receber o ID do cliente, ele é uma chave primaria]]></comment>
<generatorID>1DEFDDE4-0F9A-CE0B-3BF5-86747FE478A2</generatorID>
<ownerDesignName>RM94467_RM93042</ownerDesignName>
<engineerTo>
<item key="1BC3C7CA-0ADD-D32A-DAFC-0D8226B44D9D" value="true"/>
</engineerTo>
<referedAttribute>68AB3B3D-18E6-37DC-7E7F-CD1E85882041</referedAttribute>
<useDomainConstraints>false</useDomainConstraints>
<use>1</use>
<logicalDatatype>LOGDT019</logicalDatatype>
<dataTypePrecision>15</dataTypePrecision>
<ownDataTypeParameters>,,</ownDataTypeParameters>
</Attribute>
<Attribute name="st_login" id="8BAC6551-0826-547B-BD32-93E148AE9ED7">
<createdBy>logonrmlocal</createdBy>
<createdTime>2022-06-07 23:29:03 UTC</createdTime>
<comment><![CDATA[Esse atributo vai receber o status do login, para saber se ele está conectado ou não]]></comment>
<commentInRDBMS><![CDATA[Esse atributo vai receber o status do login, para saber se ele está conectado ou não]]></commentInRDBMS>
<ownerDesignName>RM94467_RM93042</ownerDesignName>
<engineerTo>
<item key="1BC3C7CA-0ADD-D32A-DAFC-0D8226B44D9D" value="true"/>
</engineerTo>
<useDomainConstraints>false</useDomainConstraints>
<use>1</use>
<logicalDatatype>LOGDT024</logicalDatatype>
<dataTypeSize>30</dataTypeSize>
<ownDataTypeParameters>30,,</ownDataTypeParameters>
</Attribute>
</attributes>
<identifiers itemClass="oracle.dbtools.crest.model.design.logical.CandidateKey">
<identifier id="0C2198D7-6D06-5DA8-F6D3-F49A1E9EE4F9" name="T_MC_LOGIN PK">
<createdBy>logonrmlocal</createdBy>
<createdTime>2022-06-07 23:28:37 UTC</createdTime>
<ownerDesignName>RM94467_RM93042</ownerDesignName>
<engineerTo>
<item key="1BC3C7CA-0ADD-D32A-DAFC-0D8226B44D9D" value="true"/>
</engineerTo>
<pk>true</pk>
<usedAttributes>
<attributeRef>3E6A3555-6ADB-B740-F623-6F783C12721A</attributeRef>
</usedAttributes>
</identifier>
</identifiers>
</Entity>