<?xml version = '1.0' encoding = 'UTF-8'?>
<Entity class="oracle.dbtools.crest.model.design.logical.Entity" directorySegmentName="seg_0" id="C2E57BCC-0960-8BAA-DFBB-8A587326B15C" name="T_MC_VIDEOS">
<createdBy>logonrmlocal</createdBy>
<createdTime>2022-06-07 22:25:55 UTC</createdTime>
<ownerDesignName>RM94467_RM93042</ownerDesignName>
<engineerTo>
<item key="1BC3C7CA-0ADD-D32A-DAFC-0D8226B44D9D" value="true"/>
</engineerTo>
<adequatelyNormalized>NO</adequatelyNormalized>
<expectedVolumes>0</expectedVolumes>
<fwdEngineeringStrategyName>Single Table</fwdEngineeringStrategyName>
<growthPercent>0</growthPercent>
<growthType>Year</growthType>
<maxVolumes>9999999</maxVolumes>
<minVolumes>0</minVolumes>
<normalForm>Third</normalForm>
<attributes itemClass="oracle.dbtools.crest.model.design.logical.Attribute">
<Attribute name="id_video" id="188A004E-FB66-8608-CED9-306251E7AFB6">
<createdBy>logonrmlocal</createdBy>
<createdTime>2022-06-07 22:26:16 UTC</createdTime>
<comment><![CDATA[Esse atributo vai receber o ID do video, ele é uma chave primaria]]></comment>
<commentInRDBMS><![CDATA[Esse atributo vai receber o ID do video, ele é uma chave primaria]]></commentInRDBMS>
<ownerDesignName>RM94467_RM93042</ownerDesignName>
<engineerTo>
<item key="1BC3C7CA-0ADD-D32A-DAFC-0D8226B44D9D" value="true"/>
</engineerTo>
<useDomainConstraints>false</useDomainConstraints>
<use>1</use>
<logicalDatatype>LOGDT019</logicalDatatype>
<dataTypePrecision>15</dataTypePrecision>
<ownDataTypeParameters>,15,</ownDataTypeParameters>
</Attribute>
<Attribute name="nm_video" id="00C89A17-CF5E-5F4D-FD09-0B3F00E8A69D">
<createdBy>logonrmlocal</createdBy>
<createdTime>2022-06-07 22:26:47 UTC</createdTime>
<comment><![CDATA[Esse atributo vai receber o nome do video, ele é um atributo obrigatório]]></comment>
<commentInRDBMS><![CDATA[Esse atributo vai receber o nome do video, ele é um atributo obrigatório]]></commentInRDBMS>
<ownerDesignName>RM94467_RM93042</ownerDesignName>
<engineerTo>
<item key="1BC3C7CA-0ADD-D32A-DAFC-0D8226B44D9D" value="true"/>
</engineerTo>
<useDomainConstraints>false</useDomainConstraints>
<use>1</use>
<logicalDatatype>LOGDT019</logicalDatatype>
<ownDataTypeParameters>,,</ownDataTypeParameters>
</Attribute>
<Attribute name="nr_duracao" id="D3A7F8EF-81DF-2295-2E5B-74CE08544A86">
<createdBy>logonrmlocal</createdBy>
<createdTime>2022-06-07 22:27:28 UTC</createdTime>
<ownerDesignName>RM94467_RM93042</ownerDesignName>
<engineerTo>
<item key="1BC3C7CA-0ADD-D32A-DAFC-0D8226B44D9D" value="true"/>
</engineerTo>
<nullsAllowed>true</nullsAllowed>
<useDomainConstraints>false</useDomainConstraints>
<use>1</use>
<logicalDatatype>LOGDT019</logicalDatatype>
<ownDataTypeParameters>,,</ownDataTypeParameters>
</Attribute>
<Attribute name="ds_legenda" id="1653075D-6950-0181-C660-696E5D6AFA23">
<createdBy>logonrmlocal</createdBy>
<createdTime>2022-06-07 22:29:25 UTC</createdTime>
<comment><![CDATA[Esse atributo vai receber a legenda sobre o que contem no video, ele é obrigatório]]></comment>
<commentInRDBMS><![CDATA[Esse atributo vai receber a legenda sobre o que contem no video, ele é obrigatório]]></commentInRDBMS>
<ownerDesignName>RM94467_RM93042</ownerDesignName>
<engineerTo>
<item key="1BC3C7CA-0ADD-D32A-DAFC-0D8226B44D9D" value="true"/>
</engineerTo>
<useDomainConstraints>false</useDomainConstraints>
<use>1</use>
<logicalDatatype>LOGDT024</logicalDatatype>
<dataTypeSize>800</dataTypeSize>
<ownDataTypeParameters>800,,</ownDataTypeParameters>
</Attribute>
<Attribute name="id_categoria" id="DD45BB11-192C-8593-30C9-BB3E16CAFBD0">
<createdBy>logonrmlocal</createdBy>
<createdTime>2022-06-07 23:48:18 UTC</createdTime>
<comment><![CDATA[Esse atributo vai receber o ID da categoria do video, ele é uma chave primaria]]></comment>
<generatorID>3A550CEE-2FE9-0405-BDAA-96CD519A020A</generatorID>
<ownerDesignName>RM94467_RM93042</ownerDesignName>
<engineerTo>
<item key="1BC3C7CA-0ADD-D32A-DAFC-0D8226B44D9D" value="true"/>
</engineerTo>
<referedAttribute>505D2014-4ADE-5BA6-8825-0F128C45C328</referedAttribute>
<useDomainConstraints>false</useDomainConstraints>
<use>1</use>
<logicalDatatype>LOGDT019</logicalDatatype>
<dataTypePrecision>15</dataTypePrecision>
<ownDataTypeParameters>,,</ownDataTypeParameters>
</Attribute>
</attributes>
<identifiers itemClass="oracle.dbtools.crest.model.design.logical.CandidateKey">
<identifier id="856A7BC6-945C-5F7F-C80D-4210587DA469" name="T_MC_VIDEOS PK">
<createdBy>logonrmlocal</createdBy>
<createdTime>2022-06-07 22:26:37 UTC</createdTime>
<ownerDesignName>RM94467_RM93042</ownerDesignName>
<engineerTo>
<item key="1BC3C7CA-0ADD-D32A-DAFC-0D8226B44D9D" value="true"/>
</engineerTo>
<pk>true</pk>
<usedAttributes>
<attributeRef>188A004E-FB66-8608-CED9-306251E7AFB6</attributeRef>
</usedAttributes>
</identifier>
</identifiers>
</Entity>