<?xml version = '1.0' encoding = 'UTF-8'?>
<Entity class="oracle.dbtools.crest.model.design.logical.Entity" directorySegmentName="seg_0" id="C52C3100-78A6-510C-83F0-6EEB06F6DED5" name="T_MC_CLIENTE">
<createdBy>logonrmlocal</createdBy>
<createdTime>2022-06-07 22:07:04 UTC</createdTime>
<ownerDesignName>RM94467_RM93042</ownerDesignName>
<engineerTo>
<item key="1BC3C7CA-0ADD-D32A-DAFC-0D8226B44D9D" value="true"/>
</engineerTo>
<adequatelyNormalized>NO</adequatelyNormalized>
<expectedVolumes>0</expectedVolumes>
<fwdEngineeringStrategyName>Single Table</fwdEngineeringStrategyName>
<growthPercent>0</growthPercent>
<growthType>Year</growthType>
<maxVolumes>9999999</maxVolumes>
<minVolumes>0</minVolumes>
<normalForm>Third</normalForm>
<attributes itemClass="oracle.dbtools.crest.model.design.logical.Attribute">
<Attribute name="id_cliente" id="68AB3B3D-18E6-37DC-7E7F-CD1E85882041">
<createdBy>logonrmlocal</createdBy>
<createdTime>2022-06-07 22:07:17 UTC</createdTime>
<comment><![CDATA[Esse atributo vai receber o ID do cliente, ele é uma chave primaria]]></comment>
<commentInRDBMS><![CDATA[Esse atributo vai receber o ID do cliente, ele é uma chave primaria]]></commentInRDBMS>
<ownerDesignName>RM94467_RM93042</ownerDesignName>
<engineerTo>
<item key="1BC3C7CA-0ADD-D32A-DAFC-0D8226B44D9D" value="true"/>
</engineerTo>
<useDomainConstraints>false</useDomainConstraints>
<use>1</use>
<logicalDatatype>LOGDT019</logicalDatatype>
<dataTypePrecision>15</dataTypePrecision>
<ownDataTypeParameters>,15,</ownDataTypeParameters>
</Attribute>
<Attribute name="nm_cliente" id="C26E31F0-0B54-E4C9-3509-5DF1F5471038">
<createdBy>logonrmlocal</createdBy>
<createdTime>2022-06-07 22:08:02 UTC</createdTime>
<comment><![CDATA[Esse atributo vai receber o nome do cliente, ele é um atributo obrigatório]]></comment>
<commentInRDBMS><![CDATA[Esse atributo vai receber o nome do cliente, ele é um atributo obrigatório]]></commentInRDBMS>
<ownerDesignName>RM94467_RM93042</ownerDesignName>
<engineerTo>
<item key="1BC3C7CA-0ADD-D32A-DAFC-0D8226B44D9D" value="true"/>
</engineerTo>
<useDomainConstraints>false</useDomainConstraints>
<use>1</use>
<logicalDatatype>LOGDT024</logicalDatatype>
<dataTypeSize>30</dataTypeSize>
<ownDataTypeParameters>30,,</ownDataTypeParameters>
</Attribute>
<Attribute name="ds_login" id="5A294480-D3B1-27CC-77AA-FA6E7FBA5D21">
<createdBy>logonrmlocal</createdBy>
<createdTime>2022-06-07 22:15:18 UTC</createdTime>
<commentInRDBMS><![CDATA[Esse atributo vai receber o login do  cliente, ele é um atributo obrigatório]]></commentInRDBMS>
<ownerDesignName>RM94467_RM93042</ownerDesignName>
<engineerTo>
<item key="1BC3C7CA-0ADD-D32A-DAFC-0D8226B44D9D" value="true"/>
</engineerTo>
<useDomainConstraints>false</useDomainConstraints>
<use>1</use>
<logicalDatatype>LOGDT024</logicalDatatype>
<dataTypeSize>30</dataTypeSize>
<ownDataTypeParameters>30,,</ownDataTypeParameters>
</Attribute>
<Attribute name="ds_senha" id="6D58EB1C-5872-4412-23B1-90871062BCF1">
<createdBy>logonrmlocal</createdBy>
<createdTime>2022-06-07 22:21:36 UTC</createdTime>
<commentInRDBMS><![CDATA[Esse atributo vai receber a senha do cliente, ele é um atributo obrigatório]]></commentInRDBMS>
<ownerDesignName>RM94467_RM93042</ownerDesignName>
<engineerTo>
<item key="1BC3C7CA-0ADD-D32A-DAFC-0D8226B44D9D" value="true"/>
</engineerTo>
<useDomainConstraints>false</useDomainConstraints>
<use>1</use>
<logicalDatatype>LOGDT024</logicalDatatype>
<dataTypeSize>30</dataTypeSize>
<ownDataTypeParameters>30,,</ownDataTypeParameters>
</Attribute>
<Attribute name="qt_quantidade_estrelas" id="3533D84D-4C56-420D-A046-EB5D0BBE8A68">
<createdBy>logonrmlocal</createdBy>
<createdTime>2022-06-07 22:46:33 UTC</createdTime>
<comment><![CDATA[Esse atriburo vai receber a quatidade de estrelas, ]]></comment>
<commentInRDBMS><![CDATA[Esse atriburo vai receber a quatidade de estrelas, ]]></commentInRDBMS>
<ownerDesignName>RM94467_RM93042</ownerDesignName>
<engineerTo>
<item key="1BC3C7CA-0ADD-D32A-DAFC-0D8226B44D9D" value="true"/>
</engineerTo>
<useDomainConstraints>false</useDomainConstraints>
<use>1</use>
<logicalDatatype>LOGDT019</logicalDatatype>
<dataTypePrecision>10</dataTypePrecision>
<ownDataTypeParameters>,10,</ownDataTypeParameters>
</Attribute>
<Attribute name="nr_valor_media_compra" id="57BD87E2-C865-E5AB-AB43-16D134EB34DC">
<createdBy>logonrmlocal</createdBy>
<createdTime>2022-06-07 22:47:50 UTC</createdTime>
<ownerDesignName>RM94467_RM93042</ownerDesignName>
<engineerTo>
<item key="1BC3C7CA-0ADD-D32A-DAFC-0D8226B44D9D" value="true"/>
</engineerTo>
<nullsAllowed>true</nullsAllowed>
<useDomainConstraints>false</useDomainConstraints>
<use>1</use>
<logicalDatatype>LOGDT019</logicalDatatype>
<dataTypePrecision>6</dataTypePrecision>
<ownDataTypeParameters>,6,</ownDataTypeParameters>
</Attribute>
<Attribute name="st_cliente" id="BC057AAC-7B6E-BBA8-5A9C-36CB8934102E">
<createdBy>logonrmlocal</createdBy>
<createdTime>2022-06-07 22:48:28 UTC</createdTime>
<comment><![CDATA[Esse atributo vai receber o status do cliente para saber se lee esta ativou ou inativo]]></comment>
<commentInRDBMS><![CDATA[Esse atributo vai receber o status do cliente para saber se lee esta ativou ou inativo]]></commentInRDBMS>
<ownerDesignName>RM94467_RM93042</ownerDesignName>
<engineerTo>
<item key="1BC3C7CA-0ADD-D32A-DAFC-0D8226B44D9D" value="true"/>
</engineerTo>
<nullsAllowed>true</nullsAllowed>
<useDomainConstraints>false</useDomainConstraints>
<use>1</use>
<logicalDatatype>LOGDT024</logicalDatatype>
<dataTypeSize>15</dataTypeSize>
<ownDataTypeParameters>15,,</ownDataTypeParameters>
</Attribute>
<Attribute name="nr_telefone" id="AAB5F817-E6C8-FC0A-F3AF-865053A8D289">
<createdBy>logonrmlocal</createdBy>
<createdTime>2022-06-07 22:49:22 UTC</createdTime>
<ownerDesignName>RM94467_RM93042</ownerDesignName>
<engineerTo>
<item key="1BC3C7CA-0ADD-D32A-DAFC-0D8226B44D9D" value="true"/>
</engineerTo>
<nullsAllowed>true</nullsAllowed>
<useDomainConstraints>false</useDomainConstraints>
<use>1</use>
<ownDataTypeParameters>,,</ownDataTypeParameters>
</Attribute>
</attributes>
<identifiers itemClass="oracle.dbtools.crest.model.design.logical.CandidateKey">
<identifier id="75FA3E5E-99B9-C4B6-6417-B9B597582216" name="T_CLIENTE PK">
<createdBy>logonrmlocal</createdBy>
<createdTime>2022-06-07 22:07:34 UTC</createdTime>
<ownerDesignName>RM94467_RM93042</ownerDesignName>
<engineerTo>
<item key="1BC3C7CA-0ADD-D32A-DAFC-0D8226B44D9D" value="true"/>
</engineerTo>
<pk>true</pk>
<usedAttributes>
<attributeRef>68AB3B3D-18E6-37DC-7E7F-CD1E85882041</attributeRef>
</usedAttributes>
</identifier>
</identifiers>
</Entity>