<?xml version = '1.0' encoding = 'UTF-8'?>
<Entity class="oracle.dbtools.crest.model.design.logical.Entity" directorySegmentName="seg_0" id="DE8D7919-7162-9498-FD8F-82F25CF18F60" name="T_MC_PESSOA_JURIDICA">
<createdBy>logonrmlocal</createdBy>
<createdTime>2022-06-07 22:09:52 UTC</createdTime>
<ownerDesignName>RM94467_RM93042</ownerDesignName>
<engineerTo>
<item key="1BC3C7CA-0ADD-D32A-DAFC-0D8226B44D9D" value="true"/>
</engineerTo>
<adequatelyNormalized>NO</adequatelyNormalized>
<expectedVolumes>0</expectedVolumes>
<fwdEngineeringStrategyName>Single Table</fwdEngineeringStrategyName>
<growthPercent>0</growthPercent>
<growthType>Year</growthType>
<maxVolumes>9999999</maxVolumes>
<minVolumes>0</minVolumes>
<normalForm>Third</normalForm>
<attributes itemClass="oracle.dbtools.crest.model.design.logical.Attribute">
<Attribute name="id_cliente" id="B16DFE72-F6A8-00FE-256C-4192C6C0E558">
<createdBy>logonrmlocal</createdBy>
<createdTime>2022-06-07 22:10:24 UTC</createdTime>
<comment><![CDATA[Esse atributo vai receber o ID do cliente, ele é uma chave primaria]]></comment>
<generatorID>FB071D2F-6E40-E59F-821D-D8457ED041A3</generatorID>
<ownerDesignName>RM94467_RM93042</ownerDesignName>
<engineerTo>
<item key="1BC3C7CA-0ADD-D32A-DAFC-0D8226B44D9D" value="true"/>
</engineerTo>
<referedAttribute>68AB3B3D-18E6-37DC-7E7F-CD1E85882041</referedAttribute>
<useDomainConstraints>false</useDomainConstraints>
<use>1</use>
<logicalDatatype>LOGDT019</logicalDatatype>
<dataTypePrecision>15</dataTypePrecision>
<ownDataTypeParameters>,,</ownDataTypeParameters>
</Attribute>
<Attribute name="nr_cnpj" id="61CC9606-702A-1B9E-8D8A-692E29B478D5">
<createdBy>logonrmlocal</createdBy>
<createdTime>2022-06-07 22:23:11 UTC</createdTime>
<commentInRDBMS><![CDATA[Esse atributo vai receber o cnpj do  cliente pessoa juridica, ele é um atributo obrigatório]]></commentInRDBMS>
<ownerDesignName>RM94467_RM93042</ownerDesignName>
<engineerTo>
<item key="1BC3C7CA-0ADD-D32A-DAFC-0D8226B44D9D" value="true"/>
</engineerTo>
<useDomainConstraints>false</useDomainConstraints>
<use>1</use>
<logicalDatatype>LOGDT019</logicalDatatype>
<dataTypePrecision>14</dataTypePrecision>
<ownDataTypeParameters>,14,</ownDataTypeParameters>
</Attribute>
<Attribute name="nm_razao_social" id="0065CC6E-9702-362B-BAA5-0A00D70BFA2A">
<createdBy>logonrmlocal</createdBy>
<createdTime>2022-06-07 22:24:31 UTC</createdTime>
<commentInRDBMS><![CDATA[Esse atributo vai receber o nome da razão social do cliente, ele é um atributo obrigatório]]></commentInRDBMS>
<ownerDesignName>RM94467_RM93042</ownerDesignName>
<engineerTo>
<item key="1BC3C7CA-0ADD-D32A-DAFC-0D8226B44D9D" value="true"/>
</engineerTo>
<useDomainConstraints>false</useDomainConstraints>
<use>1</use>
<logicalDatatype>LOGDT024</logicalDatatype>
<dataTypeSize>80</dataTypeSize>
<ownDataTypeParameters>80,,</ownDataTypeParameters>
</Attribute>
<Attribute name="dt_fundacao" id="956AF299-782D-1C07-3135-8E52ABD7A01D">
<createdBy>logonrmlocal</createdBy>
<createdTime>2022-06-07 23:03:31 UTC</createdTime>
<comment><![CDATA[Esse atributo vai receber a data de fundação da pessoa juridica, ele é obrigatório]]></comment>
<commentInRDBMS><![CDATA[Esse atributo vai receber a data de fundação da pessoa juridica, ele é obrigatório]]></commentInRDBMS>
<ownerDesignName>RM94467_RM93042</ownerDesignName>
<engineerTo>
<item key="1BC3C7CA-0ADD-D32A-DAFC-0D8226B44D9D" value="true"/>
</engineerTo>
<useDomainConstraints>false</useDomainConstraints>
<use>1</use>
<logicalDatatype>LOGDT007</logicalDatatype>
<ownDataTypeParameters>,,</ownDataTypeParameters>
</Attribute>
<Attribute name="nr_escricao_estadual" id="70B0A5BB-61D7-74BC-4B38-1644E107E499">
<createdBy>logonrmlocal</createdBy>
<createdTime>2022-06-07 23:04:15 UTC</createdTime>
<comment><![CDATA[Esse atributo vai receber o numero de escrição estadual da pessoa juridica, ele é obrigatório]]></comment>
<commentInRDBMS><![CDATA[Esse atributo vai receber o numero de escrição estadual da pessoa juridica, ele é obrigatório]]></commentInRDBMS>
<ownerDesignName>RM94467_RM93042</ownerDesignName>
<engineerTo>
<item key="1BC3C7CA-0ADD-D32A-DAFC-0D8226B44D9D" value="true"/>
</engineerTo>
<nullsAllowed>true</nullsAllowed>
<useDomainConstraints>false</useDomainConstraints>
<use>1</use>
<logicalDatatype>LOGDT019</logicalDatatype>
<dataTypePrecision>6</dataTypePrecision>
<ownDataTypeParameters>,6,</ownDataTypeParameters>
</Attribute>
</attributes>
</Entity>