<?xml version = '1.0' encoding = 'UTF-8'?>
<Relation class="oracle.dbtools.crest.model.design.logical.Relation" name="PK_CLIENTE_LOGIN" directorySegmentName="seg_0" id="1DEFDDE4-0F9A-CE0B-3BF5-86747FE478A2">
<createdBy>logonrmlocal</createdBy>
<createdTime>2022-06-07 23:30:48 UTC</createdTime>
<ownerDesignName>RM94467_RM93042</ownerDesignName>
<engineerTo>
<item key="1BC3C7CA-0ADD-D32A-DAFC-0D8226B44D9D" value="true"/>
</engineerTo>
<sourcePk>75FA3E5E-99B9-C4B6-6417-B9B597582216</sourcePk>
<identifying>false</identifying>
<optionalSource>true</optionalSource>
<optionalTarget>false</optionalTarget>
<sourceCardinality>1</sourceCardinality>
<sourceEntity>C52C3100-78A6-510C-83F0-6EEB06F6DED5</sourceEntity>
<targetCardinalityString>1</targetCardinalityString>
<targetEntity>AEEF08B4-E9F7-F121-639B-9F18ACA3F838</targetEntity>
<transferable>true</transferable>
<deleteRule>NO ACTION</deleteRule>
</Relation>