<?xml version = '1.0' encoding = 'UTF-8'?>
<Relation class="oracle.dbtools.crest.model.design.logical.Relation" name="PK_VIDEOS_VISUALIZACAO" directorySegmentName="seg_0" id="1FC10BA9-CD57-A9BB-93C9-707036EEAE5F">
<createdBy>logonrmlocal</createdBy>
<createdTime>2022-06-07 23:21:37 UTC</createdTime>
<ownerDesignName>RM94467_RM93042</ownerDesignName>
<engineerTo>
<item key="1BC3C7CA-0ADD-D32A-DAFC-0D8226B44D9D" value="true"/>
</engineerTo>
<sourcePk>856A7BC6-945C-5F7F-C80D-4210587DA469</sourcePk>
<identifying>false</identifying>
<optionalSource>true</optionalSource>
<optionalTarget>false</optionalTarget>
<sourceCardinality>1</sourceCardinality>
<sourceEntity>C2E57BCC-0960-8BAA-DFBB-8A587326B15C</sourceEntity>
<targetCardinalityString>*</targetCardinalityString>
<targetEntity>4B64A4C6-C9CD-9991-4AEA-CD8B3FE3C206</targetEntity>
<transferable>true</transferable>
<deleteRule>NO ACTION</deleteRule>
</Relation>