<?xml version = '1.0' encoding = 'UTF-8'?>
<Relation class="oracle.dbtools.crest.model.design.logical.Relation" name="Relation_8" directorySegmentName="seg_0" id="2A1BDF58-49A0-80C0-3C94-7A724C2E06D6">
<createdBy>logonrmlocal</createdBy>
<createdTime>2022-06-07 23:25:39 UTC</createdTime>
<ownerDesignName>RM94467_RM93042</ownerDesignName>
<engineerTo>
<item key="1BC3C7CA-0ADD-D32A-DAFC-0D8226B44D9D" value="true"/>
</engineerTo>
<sourcePk>75FA3E5E-99B9-C4B6-6417-B9B597582216</sourcePk>
<identifying>false</identifying>
<optionalSource>true</optionalSource>
<optionalTarget>false</optionalTarget>
<sourceCardinality>1</sourceCardinality>
<sourceEntity>C52C3100-78A6-510C-83F0-6EEB06F6DED5</sourceEntity>
<targetCardinalityString>*</targetCardinalityString>
<targetEntity>A7AEBD57-B0F6-C936-1FDD-9343FF48A601</targetEntity>
<transferable>true</transferable>
<deleteRule>NO ACTION</deleteRule>
</Relation>