<?xml version = '1.0' encoding = 'UTF-8'?>
<Relation class="oracle.dbtools.crest.model.design.logical.Relation" name="Relation_9" directorySegmentName="seg_0" id="34699AF8-852D-1D3C-CD1D-50CB15E99768">
<createdBy>logonrmlocal</createdBy>
<createdTime>2022-06-07 23:25:45 UTC</createdTime>
<ownerDesignName>RM94467_RM93042</ownerDesignName>
<engineerTo>
<item key="1BC3C7CA-0ADD-D32A-DAFC-0D8226B44D9D" value="true"/>
</engineerTo>
<sourcePk>75FA3E5E-99B9-C4B6-6417-B9B597582216</sourcePk>
<identifying>false</identifying>
<optionalSource>true</optionalSource>
<optionalTarget>false</optionalTarget>
<sourceCardinality>1</sourceCardinality>
<sourceEntity>C52C3100-78A6-510C-83F0-6EEB06F6DED5</sourceEntity>
<targetCardinalityString>*</targetCardinalityString>
<targetEntity>2628FCA0-75C5-A8D0-D1BD-1D0AEA54DF1F</targetEntity>
<transferable>true</transferable>
<deleteRule>NO ACTION</deleteRule>
</Relation>