<?xml version = '1.0' encoding = 'UTF-8'?>
<Relation class="oracle.dbtools.crest.model.design.logical.Relation" name="PK_CATEGORIA_VIDEO_VIDEOS" directorySegmentName="seg_0" id="3A550CEE-2FE9-0405-BDAA-96CD519A020A">
<createdBy>logonrmlocal</createdBy>
<createdTime>2022-06-07 23:48:18 UTC</createdTime>
<ownerDesignName>RM94467_RM93042</ownerDesignName>
<engineerTo>
<item key="1BC3C7CA-0ADD-D32A-DAFC-0D8226B44D9D" value="true"/>
</engineerTo>
<sourcePk>4001D275-008D-88D2-FEB8-CC84DBDDF9D6</sourcePk>
<identifying>false</identifying>
<optionalSource>true</optionalSource>
<optionalTarget>false</optionalTarget>
<sourceCardinality>1</sourceCardinality>
<sourceEntity>4675FF70-46DA-BAE1-0508-26D3F44B8A98</sourceEntity>
<targetCardinalityString>*</targetCardinalityString>
<targetEntity>C2E57BCC-0960-8BAA-DFBB-8A587326B15C</targetEntity>
<transferable>true</transferable>
<deleteRule>NO ACTION</deleteRule>
</Relation>