<?xml version = '1.0' encoding = 'UTF-8'?>
<Relation class="oracle.dbtools.crest.model.design.logical.Relation" name="PK_DUVIDAS_PUBLICACOES_PUBLICACAO" directorySegmentName="seg_0" id="3D3CE92D-31C5-0E1C-D43F-F26917FD8AC0">
<createdBy>logonrmlocal</createdBy>
<createdTime>2022-06-08 00:03:06 UTC</createdTime>
<ownerDesignName>RM94467_RM93042</ownerDesignName>
<engineerTo>
<item key="1BC3C7CA-0ADD-D32A-DAFC-0D8226B44D9D" value="true"/>
</engineerTo>
<sourcePk>AA4864E3-0604-8F56-D466-00AFF77003AD</sourcePk>
<identifying>false</identifying>
<optionalSource>true</optionalSource>
<optionalTarget>false</optionalTarget>
<sourceCardinality>1</sourceCardinality>
<sourceEntity>36B9FA7C-1652-1092-A8B2-951FCCC0D491</sourceEntity>
<targetCardinalityString>*</targetCardinalityString>
<targetEntity>46A772D0-5F50-94B0-00F2-10B03F0EB524</targetEntity>
<transferable>true</transferable>
<deleteRule>NO ACTION</deleteRule>
</Relation>