<?xml version = '1.0' encoding = 'UTF-8'?>
<Relation class="oracle.dbtools.crest.model.design.logical.Relation" name="PK_PRODUTO_CATEGORIA" directorySegmentName="seg_0" id="7171ED62-40B4-8331-6DB6-D30AF3391244">
<createdBy>logonrmlocal</createdBy>
<createdTime>2022-06-07 23:09:08 UTC</createdTime>
<ownerDesignName>RM94467_RM93042</ownerDesignName>
<engineerTo>
<item key="1BC3C7CA-0ADD-D32A-DAFC-0D8226B44D9D" value="true"/>
</engineerTo>
<sourcePk>F82D3098-A9B8-CC01-8860-D33C1EFFCE26</sourcePk>
<identifying>false</identifying>
<optionalSource>true</optionalSource>
<optionalTarget>false</optionalTarget>
<sourceCardinality>1</sourceCardinality>
<sourceEntity>90AF536B-2DDD-DD16-F164-4D49124BE7C7</sourceEntity>
<targetCardinalityString>*</targetCardinalityString>
<targetEntity>7FDB5F4E-E19C-0C03-F7ED-BB9933569CC4</targetEntity>
<transferable>true</transferable>
<deleteRule>NO ACTION</deleteRule>
</Relation>