<?xml version = '1.0' encoding = 'UTF-8'?>
<Relation class="oracle.dbtools.crest.model.design.logical.Relation" name="PK_LOGIN_VISUALIZACAO" directorySegmentName="seg_0" id="891FEDC9-8BEF-895F-C4C0-8BA86AA21D1B">
<createdBy>logonrmlocal</createdBy>
<createdTime>2022-06-07 23:31:47 UTC</createdTime>
<ownerDesignName>RM94467_RM93042</ownerDesignName>
<engineerTo>
<item key="1BC3C7CA-0ADD-D32A-DAFC-0D8226B44D9D" value="true"/>
</engineerTo>
<sourcePk>0C2198D7-6D06-5DA8-F6D3-F49A1E9EE4F9</sourcePk>
<identifying>false</identifying>
<optionalSource>true</optionalSource>
<optionalTarget>false</optionalTarget>
<sourceCardinality>1</sourceCardinality>
<sourceEntity>AEEF08B4-E9F7-F121-639B-9F18ACA3F838</sourceEntity>
<targetCardinalityString>*</targetCardinalityString>
<targetEntity>4B64A4C6-C9CD-9991-4AEA-CD8B3FE3C206</targetEntity>
<transferable>true</transferable>
<deleteRule>NO ACTION</deleteRule>
</Relation>