<?xml version = '1.0' encoding = 'UTF-8'?>
<Relation class="oracle.dbtools.crest.model.design.logical.Relation" name="Relation_21" directorySegmentName="seg_0" id="A0A9D625-6DAE-2C6B-2B84-FDDB163A8DF2">
<createdBy>logonrmlocal</createdBy>
<createdTime>2022-06-08 00:04:27 UTC</createdTime>
<ownerDesignName>RM94467_RM93042</ownerDesignName>
<engineerTo>
<item key="1BC3C7CA-0ADD-D32A-DAFC-0D8226B44D9D" value="true"/>
</engineerTo>
<sourcePk>2E1C4E0B-BF39-DCF5-2ADF-B9F5F9465466</sourcePk>
<identifying>false</identifying>
<optionalSource>true</optionalSource>
<optionalTarget>false</optionalTarget>
<sourceCardinality>1</sourceCardinality>
<sourceEntity>7FDB5F4E-E19C-0C03-F7ED-BB9933569CC4</sourceEntity>
<targetCardinalityString>*</targetCardinalityString>
<targetEntity>46A772D0-5F50-94B0-00F2-10B03F0EB524</targetEntity>
<transferable>true</transferable>
<deleteRule>NO ACTION</deleteRule>
</Relation>