<?xml version = '1.0' encoding = 'UTF-8'?>
<Relation class="oracle.dbtools.crest.model.design.logical.Relation" name="PK_USUARIO_ANONIMO_VISUALIZACOES" directorySegmentName="seg_0" id="AF88EF1F-D592-C348-D852-C46A46C41BA0">
<createdBy>logonrmlocal</createdBy>
<createdTime>2022-06-07 23:51:17 UTC</createdTime>
<ownerDesignName>RM94467_RM93042</ownerDesignName>
<engineerTo>
<item key="1BC3C7CA-0ADD-D32A-DAFC-0D8226B44D9D" value="true"/>
</engineerTo>
<sourcePk>601CA3B7-B9AB-F265-72A7-C749179B9527</sourcePk>
<identifying>false</identifying>
<optionalSource>true</optionalSource>
<optionalTarget>false</optionalTarget>
<sourceCardinality>1</sourceCardinality>
<sourceEntity>4D4EA415-84A0-C1A3-F514-C478B32731AD</sourceEntity>
<targetCardinalityString>*</targetCardinalityString>
<targetEntity>4B64A4C6-C9CD-9991-4AEA-CD8B3FE3C206</targetEntity>
<transferable>true</transferable>
<deleteRule>NO ACTION</deleteRule>
</Relation>