<?xml version = '1.0' encoding = 'UTF-8'?>
<Relation class="oracle.dbtools.crest.model.design.logical.Relation" name="PK_PRODUTO_VISUALIZACAO" directorySegmentName="seg_0" id="B5F105AE-6442-1F9F-706D-79237A2EAAD1">
<createdBy>logonrmlocal</createdBy>
<createdTime>2022-06-07 23:22:23 UTC</createdTime>
<ownerDesignName>RM94467_RM93042</ownerDesignName>
<engineerTo>
<item key="1BC3C7CA-0ADD-D32A-DAFC-0D8226B44D9D" value="true"/>
</engineerTo>
<sourcePk>2E1C4E0B-BF39-DCF5-2ADF-B9F5F9465466</sourcePk>
<identifying>false</identifying>
<optionalSource>true</optionalSource>
<optionalTarget>false</optionalTarget>
<sourceCardinality>1</sourceCardinality>
<sourceEntity>7FDB5F4E-E19C-0C03-F7ED-BB9933569CC4</sourceEntity>
<targetCardinalityString>*</targetCardinalityString>
<targetEntity>4B64A4C6-C9CD-9991-4AEA-CD8B3FE3C206</targetEntity>
<transferable>true</transferable>
<deleteRule>NO ACTION</deleteRule>
</Relation>