<?xml version = '1.0' encoding = 'UTF-8'?>
<Relation class="oracle.dbtools.crest.model.design.logical.Relation" name="Relation_2" directorySegmentName="seg_0" id="FB071D2F-6E40-E59F-821D-D8457ED041A3">
<createdBy>logonrmlocal</createdBy>
<createdTime>2022-06-07 22:10:24 UTC</createdTime>
<ownerDesignName>RM94467_RM93042</ownerDesignName>
<engineerTo>
<item key="1BC3C7CA-0ADD-D32A-DAFC-0D8226B44D9D" value="true"/>
</engineerTo>
<sourcePk>75FA3E5E-99B9-C4B6-6417-B9B597582216</sourcePk>
<arc>D2421A4A-1563-C93D-DC31-2ABBC83C2360</arc>
<identifying>false</identifying>
<optionalSource>true</optionalSource>
<optionalTarget>false</optionalTarget>
<sourceCardinality>1</sourceCardinality>
<sourceEntity>C52C3100-78A6-510C-83F0-6EEB06F6DED5</sourceEntity>
<targetCardinalityString>1</targetCardinalityString>
<targetEntity>DE8D7919-7162-9498-FD8F-82F25CF18F60</targetEntity>
<transferable>true</transferable>
<deleteRule>NO ACTION</deleteRule>
</Relation>