<?xml version = '1.0' encoding = 'UTF-8'?>
<Arc class="oracle.dbtools.crest.model.design.logical.Arc" directorySegmentName="seg_0" id="D2421A4A-1563-C93D-DC31-2ABBC83C2360" name="Arc_1">
<createdBy>logonrmlocal</createdBy>
<createdTime>2022-06-07 22:10:33 UTC</createdTime>
<ownerDesignName>RM94467_RM93042</ownerDesignName>
<engineerTo>
<item key="1BC3C7CA-0ADD-D32A-DAFC-0D8226B44D9D" value="true"/>
</engineerTo>
<entity>C52C3100-78A6-510C-83F0-6EEB06F6DED5</entity>
<relations>
<relationID>1A018287-6FFE-A1F4-0D6B-C5326C7A8BA3</relationID>
<relationID>FB071D2F-6E40-E59F-821D-D8457ED041A3</relationID>
</relations>
</Arc>