<?xml version = '1.0' encoding = 'UTF-8'?>
<relationalModel class="oracle.dbtools.crest.model.design.relational.RelationalDesign" name="Relational_1" id="1BC3C7CA-0ADD-D32A-DAFC-0D8226B44D9D" mainViewID="B6446360-D304-DCFD-6066-20B351AEA25F">
<createdBy>logonrmlocal</createdBy>
<createdTime>2022-06-07 22:02:44 UTC</createdTime>
<ownerDesignName>RM94467_RM93042</ownerDesignName>
<shouldBeOpen>false</shouldBeOpen>
<selectedRDBMSSite>32076570-2523-435C-2E92-BF29817DFF70</selectedRDBMSSite>
</relationalModel>