<?xml version = '1.0' encoding = 'UTF-8'?>
<Diagram class="oracle.dbtools.crest.swingui.logical.DPVLogical" name="Logical" id="FFF4FDF2-40E9-2361-60BD-4020C473E8C7">
<createdBy>logonrmlocal</createdBy>
<modifiedBy>logonrmlocal</modifiedBy>
<createdTime>2022-06-07 22:03:03 UTC</createdTime>
<autoRoute>false</autoRoute>
<boxInbox>true</boxInbox>
<showLegend>false</showLegend>
<showLabels>false</showLabels>
<showRelAttributes>false</showRelAttributes>
<gridEnabled>false</gridEnabled>
<showGrid>false</showGrid>
<diagramColor>-1</diagramColor>
<display>false</display>
<notation>2</notation>
<objectViews>
<OView class="oracle.dbtools.crest.swingui.logical.TVEntity" oid="2628FCA0-75C5-A8D0-D1BD-1D0AEA54DF1F" otype="Entity" vid="B15A119A-F5DB-B678-A578-25C67448AE09">
<hideElementsInCurrentOnly>false</hideElementsInCurrentOnly>
<bounds x="992" y="596" width="227" height="154"/>
</OView>
<OView class="oracle.dbtools.crest.swingui.logical.TVEntity" oid="36B9FA7C-1652-1092-A8B2-951FCCC0D491" otype="Entity" vid="64532FE1-7662-E834-61A2-0E2EFBABFE1E">
<hideElementsInCurrentOnly>false</hideElementsInCurrentOnly>
<bounds x="11" y="509" width="295" height="150"/>
</OView>
<OView class="oracle.dbtools.crest.swingui.logical.TVEntity" oid="4675FF70-46DA-BAE1-0508-26D3F44B8A98" otype="Entity" vid="2C727FA8-2899-1532-B41D-DA31AAF670A4">
<hideElementsInCurrentOnly>false</hideElementsInCurrentOnly>
<bounds x="1271" y="27" width="170" height="146"/>
</OView>
<OView class="oracle.dbtools.crest.swingui.logical.TVEntity" oid="46A772D0-5F50-94B0-00F2-10B03F0EB524" otype="Entity" vid="2727DFB6-C7D9-84B9-D53E-E974AA50673B">
<hideElementsInCurrentOnly>false</hideElementsInCurrentOnly>
<bounds x="347" y="510" width="224" height="153"/>
</OView>
<OView class="oracle.dbtools.crest.swingui.logical.TVEntity" oid="4B64A4C6-C9CD-9991-4AEA-CD8B3FE3C206" otype="Entity" vid="59ABA13C-FDDC-7F05-A2C3-E05717F443A4">
<hideElementsInCurrentOnly>false</hideElementsInCurrentOnly>
<bounds x="633" y="8" width="234" height="190"/>
</OView>
<OView class="oracle.dbtools.crest.swingui.logical.TVEntity" oid="4D4EA415-84A0-C1A3-F514-C478B32731AD" otype="Entity" vid="2B426AAD-E065-E63C-F60A-AD3AC0073459">
<hideElementsInCurrentOnly>false</hideElementsInCurrentOnly>
<bounds x="981" y="251" width="234" height="120"/>
</OView>
<OView class="oracle.dbtools.crest.swingui.logical.TVEntity" oid="5A5198FF-1F26-1E4E-294C-03273776B51A" otype="Entity" vid="FF1B1B30-C5D1-2C51-61B8-6E844D77DD64">
<hideElementsInCurrentOnly>false</hideElementsInCurrentOnly>
<bounds x="517" y="782" width="211" height="121"/>
</OView>
<OView class="oracle.dbtools.crest.swingui.logical.TVEntity" oid="7FDB5F4E-E19C-0C03-F7ED-BB9933569CC4" otype="Entity" vid="74C3500D-AE10-72CE-6CC2-A2ED10A34D30">
<hideElementsInCurrentOnly>false</hideElementsInCurrentOnly>
<bounds x="353" y="7" width="233" height="189"/>
</OView>
<OView class="oracle.dbtools.crest.swingui.logical.TVEntity" oid="90AF536B-2DDD-DD16-F164-4D49124BE7C7" otype="Entity" vid="C887F77A-8D34-74BA-2208-5617393B6318">
<hideElementsInCurrentOnly>false</hideElementsInCurrentOnly>
<bounds x="9" y="6" width="295" height="188"/>
</OView>
<OView class="oracle.dbtools.crest.swingui.logical.TVEntity" oid="A7AEBD57-B0F6-C936-1FDD-9343FF48A601" otype="Entity" vid="718A8BFA-A8DA-9ABE-0882-D21E2DC3A551">
<hideElementsInCurrentOnly>false</hideElementsInCurrentOnly>
<bounds x="981" y="422" width="239" height="152"/>
</OView>
<OView class="oracle.dbtools.crest.swingui.logical.TVEntity" oid="AEEF08B4-E9F7-F121-639B-9F18ACA3F838" otype="Entity" vid="7B1C8D81-EBC0-DEC2-57EA-4BF824DFEE49">
<hideElementsInCurrentOnly>false</hideElementsInCurrentOnly>
<bounds x="633" y="253" width="236" height="123"/>
</OView>
<OView class="oracle.dbtools.crest.swingui.logical.TVEntity" oid="C2E57BCC-0960-8BAA-DFBB-8A587326B15C" otype="Entity" vid="38BF8699-1042-60D7-655D-8B13EF0BBB7A">
<hideElementsInCurrentOnly>false</hideElementsInCurrentOnly>
<bounds x="982" y="26" width="233" height="145"/>
</OView>
<OView class="oracle.dbtools.crest.swingui.logical.TVEntity" oid="C52C3100-78A6-510C-83F0-6EEB06F6DED5" otype="Entity" vid="2D9EC19F-59E5-EF8D-9767-FD73546A56CE">
<hideElementsInCurrentOnly>false</hideElementsInCurrentOnly>
<bounds x="632" y="509" width="240" height="155"/>
</OView>
<OView class="oracle.dbtools.crest.swingui.logical.TVEntity" oid="DE8D7919-7162-9498-FD8F-82F25CF18F60" otype="Entity" vid="517B3DC1-B138-BD49-A506-98EB0B904B7E">
<hideElementsInCurrentOnly>false</hideElementsInCurrentOnly>
<bounds x="796" y="783" width="220" height="122"/>
</OView>
</objectViews>
<connectors>
<Connector class="oracle.dbtools.crest.swingui.logical.TVRelation" oid="12BAD252-B4BE-F710-D9CF-1A5D5A9C1EEA" otype="Relation" vid_source="2D9EC19F-59E5-EF8D-9767-FD73546A56CE" vid_target="2727DFB6-C7D9-84B9-D53E-E974AA50673B">
<hideElementsInCurrentOnly>false</hideElementsInCurrentOnly>
<backgroundColor>-16777216</backgroundColor>
<lineWidth>1</lineWidth>
<points>
<point x="632" y="586"/>
<point x="571" y="586"/>
</points>
</Connector>
<Connector class="oracle.dbtools.crest.swingui.logical.TVRelation" oid="1A018287-6FFE-A1F4-0D6B-C5326C7A8BA3" otype="Relation" vid_source="2D9EC19F-59E5-EF8D-9767-FD73546A56CE" vid_target="FF1B1B30-C5D1-2C51-61B8-6E844D77DD64">
<hideElementsInCurrentOnly>false</hideElementsInCurrentOnly>
<backgroundColor>-16777216</backgroundColor>
<lineWidth>1</lineWidth>
<points>
<point x="680" y="664"/>
<point x="680" y="782"/>
</points>
</Connector>
<Connector class="oracle.dbtools.crest.swingui.logical.TVRelation" oid="1DEFDDE4-0F9A-CE0B-3BF5-86747FE478A2" otype="Relation" vid_source="2D9EC19F-59E5-EF8D-9767-FD73546A56CE" vid_target="7B1C8D81-EBC0-DEC2-57EA-4BF824DFEE49">
<hideElementsInCurrentOnly>false</hideElementsInCurrentOnly>
<backgroundColor>-16777216</backgroundColor>
<lineWidth>1</lineWidth>
<points>
<point x="751" y="509"/>
<point x="751" y="376"/>
</points>
</Connector>
<Connector class="oracle.dbtools.crest.swingui.logical.TVRelation" oid="1FC10BA9-CD57-A9BB-93C9-707036EEAE5F" otype="Relation" vid_source="38BF8699-1042-60D7-655D-8B13EF0BBB7A" vid_target="59ABA13C-FDDC-7F05-A2C3-E05717F443A4">
<hideElementsInCurrentOnly>false</hideElementsInCurrentOnly>
<backgroundColor>-16777216</backgroundColor>
<lineWidth>1</lineWidth>
<points>
<point x="982" y="98"/>
<point x="867" y="98"/>
</points>
</Connector>
<Connector class="oracle.dbtools.crest.swingui.logical.TVRelation" oid="2A1BDF58-49A0-80C0-3C94-7A724C2E06D6" otype="Relation" vid_source="2D9EC19F-59E5-EF8D-9767-FD73546A56CE" vid_target="718A8BFA-A8DA-9ABE-0882-D21E2DC3A551">
<hideElementsInCurrentOnly>false</hideElementsInCurrentOnly>
<backgroundColor>-16777216</backgroundColor>
<lineWidth>1</lineWidth>
<points>
<point x="872" y="541"/>
<point x="981" y="541"/>
</points>
</Connector>
<Connector class="oracle.dbtools.crest.swingui.logical.TVRelation" oid="34699AF8-852D-1D3C-CD1D-50CB15E99768" otype="Relation" vid_source="2D9EC19F-59E5-EF8D-9767-FD73546A56CE" vid_target="B15A119A-F5DB-B678-A578-25C67448AE09">
<hideElementsInCurrentOnly>false</hideElementsInCurrentOnly>
<backgroundColor>-16777216</backgroundColor>
<lineWidth>1</lineWidth>
<points>
<point x="872" y="630"/>
<point x="992" y="630"/>
</points>
</Connector>
<Connector class="oracle.dbtools.crest.swingui.logical.TVRelation" oid="3A550CEE-2FE9-0405-BDAA-96CD519A020A" otype="Relation" vid_source="2C727FA8-2899-1532-B41D-DA31AAF670A4" vid_target="38BF8699-1042-60D7-655D-8B13EF0BBB7A">
<hideElementsInCurrentOnly>false</hideElementsInCurrentOnly>
<backgroundColor>-16777216</backgroundColor>
<lineWidth>1</lineWidth>
<points>
<point x="1271" y="114"/>
<point x="1215" y="114"/>
</points>
</Connector>
<Connector class="oracle.dbtools.crest.swingui.logical.TVRelation" oid="3D3CE92D-31C5-0E1C-D43F-F26917FD8AC0" otype="Relation" vid_source="64532FE1-7662-E834-61A2-0E2EFBABFE1E" vid_target="2727DFB6-C7D9-84B9-D53E-E974AA50673B">
<hideElementsInCurrentOnly>false</hideElementsInCurrentOnly>
<backgroundColor>-16777216</backgroundColor>
<lineWidth>1</lineWidth>
<points>
<point x="306" y="599"/>
<point x="347" y="599"/>
</points>
</Connector>
<Connector class="oracle.dbtools.crest.swingui.logical.TVRelation" oid="7171ED62-40B4-8331-6DB6-D30AF3391244" otype="Relation" vid_source="C887F77A-8D34-74BA-2208-5617393B6318" vid_target="74C3500D-AE10-72CE-6CC2-A2ED10A34D30">
<hideElementsInCurrentOnly>false</hideElementsInCurrentOnly>
<backgroundColor>-16777216</backgroundColor>
<lineWidth>1</lineWidth>
<points>
<point x="304" y="100"/>
<point x="353" y="100"/>
</points>
</Connector>
<Connector class="oracle.dbtools.crest.swingui.logical.TVRelation" oid="891FEDC9-8BEF-895F-C4C0-8BA86AA21D1B" otype="Relation" vid_source="7B1C8D81-EBC0-DEC2-57EA-4BF824DFEE49" vid_target="59ABA13C-FDDC-7F05-A2C3-E05717F443A4">
<hideElementsInCurrentOnly>false</hideElementsInCurrentOnly>
<backgroundColor>-16777216</backgroundColor>
<lineWidth>1</lineWidth>
<points>
<point x="750" y="253"/>
<point x="750" y="198"/>
</points>
</Connector>
<Connector class="oracle.dbtools.crest.swingui.logical.TVRelation" oid="A0A9D625-6DAE-2C6B-2B84-FDDB163A8DF2" otype="Relation" vid_source="74C3500D-AE10-72CE-6CC2-A2ED10A34D30" vid_target="2727DFB6-C7D9-84B9-D53E-E974AA50673B">
<hideElementsInCurrentOnly>false</hideElementsInCurrentOnly>
<backgroundColor>-16777216</backgroundColor>
<lineWidth>1</lineWidth>
<points>
<point x="462" y="196"/>
<point x="462" y="510"/>
</points>
</Connector>
<Connector class="oracle.dbtools.crest.swingui.logical.TVRelation" oid="AF88EF1F-D592-C348-D852-C46A46C41BA0" otype="Relation" vid_source="2B426AAD-E065-E63C-F60A-AD3AC0073459" vid_target="59ABA13C-FDDC-7F05-A2C3-E05717F443A4">
<hideElementsInCurrentOnly>false</hideElementsInCurrentOnly>
<backgroundColor>-16777216</backgroundColor>
<lineWidth>1</lineWidth>
<points>
<point x="981" y="251"/>
<point x="977" y="190"/>
<point x="867" y="190"/>
</points>
</Connector>
<Connector class="oracle.dbtools.crest.swingui.logical.TVRelation" oid="B5F105AE-6442-1F9F-706D-79237A2EAAD1" otype="Relation" vid_source="74C3500D-AE10-72CE-6CC2-A2ED10A34D30" vid_target="59ABA13C-FDDC-7F05-A2C3-E05717F443A4">
<hideElementsInCurrentOnly>false</hideElementsInCurrentOnly>
<backgroundColor>-16777216</backgroundColor>
<lineWidth>1</lineWidth>
<points>
<point x="586" y="102"/>
<point x="633" y="102"/>
</points>
</Connector>
<Connector class="oracle.dbtools.crest.swingui.logical.TVRelation" oid="FB071D2F-6E40-E59F-821D-D8457ED041A3" otype="Relation" vid_source="2D9EC19F-59E5-EF8D-9767-FD73546A56CE" vid_target="517B3DC1-B138-BD49-A506-98EB0B904B7E">
<hideElementsInCurrentOnly>false</hideElementsInCurrentOnly>
<backgroundColor>-16777216</backgroundColor>
<lineWidth>1</lineWidth>
<points>
<point x="834" y="664"/>
<point x="834" y="783"/>
</points>
</Connector>
</connectors>
<arcs>
<Arc class="oracle.dbtools.crest.swingui.logical.TVArc" oid="D2421A4A-1563-C93D-DC31-2ABBC83C2360" otype="Arc" vid="32DA11C7-E3FE-0CD4-CEB2-9A5B343602C8">
<hideElementsInCurrentOnly>false</hideElementsInCurrentOnly>
<bounds x="612" y="489" width="280" height="195"/>
</Arc>
</arcs>
</Diagram>